C.P.;Dirección;Horario;Latitud;Localidad;Longitud (WGS84);Margen;Municipio;Precio Adblue;Precio Amoniaco;Precio Biodiesel;Precio Bioetanol;Precio Biogas Natural Comprimido;Precio Biogas Natural Licuado;Precio Diésel Renovable;Precio Gas Natural Comprimido;Precio Gas Natural Licuado;Precio Gases licuados del petróleo;Precio Gasoleo A;Precio Gasoleo B;Precio Gasoleo Premium;Precio Gasolina 95 E10;Precio Gasolina 95 E25;Precio Gasolina 95 E5;Precio Gasolina 95 E5 Premium;Precio Gasolina 95 E85;Precio Gasolina 98 E10;Precio Gasolina 98 E5;Precio Gasolina Renovable;Precio Hidrogeno;Precio Metanol;Provincia;Remisión;Rótulo;Tipo Venta;% BioEtanol;% Éster metílico;IDEESS;IDMunicipio;IDProvincia;IDCCAA
05296;AUTOVIA DEL NOROESTE KM. 111;L-D: 24H;40.955639;ADANERO;-4,614111;D;Adanero;;;;;;;;;;;1.719;;1.786;;;1.579;1.668;;;;;;;ÁVILA;OM;CEPSA;P;0,0;0,0;4981;382;05;08
05296;AUTOVIA NOROESTE KM. 111;L-D: 24H;40.955111;ADANERO;-4,614556;I;Adanero;;;;;;;;;;;1.719;;1.786;;;1.579;1.668;;;1.679;;;;ÁVILA;OM;CEPSA;P;0,0;0,0;4982;382;05;08
05430;CARRETERA IGLESUELA (LA) KM. 9;L-D: 07:30-22:00;40.301472;ADRADA (LA);-4,639861;N;Adrada (La);;;;;;;;;;;1.699;;;;;1.609;;;;1.667;;;;ÁVILA;dm;LA ADRADA;P;0,0;0,0;5011;383;05;08
05430;AVENIDA DE MADRID, 60;L-D: 07:00-22:00;40.30375;ADRADA (LA);-4,641667;D;Adrada (La);1.265;;;;;;;;;;1.717;1.495;1.785;;;1.627;;;;1.667;;;;ÁVILA;dm;REPSOL;P;0,0;0,0;5060;383;05;08
05400;AVDA. DE LA CONSTITUCION, 54;L-D: 07:00-23:00;40.209;ARENAS DE SAN PEDRO;-5,079611;I;Arenas de San Pedro;;;;;;;;;;;1.579;;1.769;;;1.489;;;;1.659;;;;ÁVILA;dm;FERNANDEZ BERMEJO;P;0,0;0,0;4939;390;05;08
05400;CALLE CANDELEDA, 25;L-D: 24H;40.207083;ARENAS DE SAN PEDRO;-5,095917;I;Arenas de San Pedro;;;;;;;;;;;1.529;;;;;1.449;;;;;;;;ÁVILA;dm;PETROSTAR ENERGÍA;P;0,0;0,0;15239;390;05;08
05418;CARRETERA AVILA-CORDOBA KM. 77;L-D: 07:00-22:30;40.182917;RAMACASTAÑAS;-5,044083;I;Arenas de San Pedro;;;;;;;;;;;1.579;1.44;1.769;;;1.489;;;;1.659;;;;ÁVILA;dm;FERNANDEZ BERMEJO;P;0,0;0,0;4935;390;05;08
05200;POLG.IND. TIERRA AREVALO, F-10 (A-VI km 129);L-D: 24H;41.078083;AREVALO;-4,733556;I;Arévalo;0.729;;;;;;;;;;1.539;;1.589;;;1.489;;;;;;;;ÁVILA;dm;VALCARCE;P;0,0;0,0;9956;392;05;08
05200;CR N-6 123   A;"L-V: 07:00-23:00; S: 07:00-15:00";41.04375;AREVALO;-4,698639;D;Arévalo;;;;;;;1.809;;;;1.699;;;;;1.539;;;;1.699;;;;ÁVILA;OM;REPSOL;P;0,0;0,0;5978;392;05;08
05200;PLAZA FRAY JUAN GIL, 2, ;L-S: 08:00-22:00;41.059611;AREVALO;-4,720528;D;Arévalo;;;;;;;;;;;1.709;;;;;1.549;;;;;;;;ÁVILA;OM;REPSOL;P;0,0;0,0;6048;392;05;08
05100;CALLE FUENTE EL SAUZ, 1;L-D: 24H;41.067944;AREVALO;-4,728611;D;Arévalo;0.6;;;;;;;;;;1.529;1.099;;;;1.499;;;;;;;;ÁVILA;dm;BEROIL;P;0,0;0,0;15660;392;05;08
05001;AVENIDA MADRID, 4;"L-J: 07:00-23:00; V: 07:00-01:00; S: 05:00-01:00; D: 05:00-23:00";40.657889;AVILA;-4,692167;N;Ávila;;;;;;;1.789;;;;1.679;;;;;1.575;;;;1.685;;;;ÁVILA;OM;REPSOL;P;0,0;0,0;5072;395;05;08
05001;CALLE HORNOS CALEROS, S/N;L-D: 24H;40.649389;AVILA;-4,672806;D;Ávila;;;;;;;;;;;1.559;;1.579;;;1.459;;;;;;;;ÁVILA;OM;BALLENOIL;P;0,0;0,0;14892;395;05;08
05001;AVENIDA MADRID, 68;L-D: 06:00-22:00;40.659639;AVILA;-4,702083;N;Ávila;;;;;;;;;;;1.619;;1.669;;;1.519;;;;1.659;;;;ÁVILA;OM;GALP;P;0,0;0,0;5053;395;05;08
05002;CARRETERA SALAMANCA KM. 23;L-D: 07:00-23:00;40.661972;AVILA;-4,711639;N;Ávila;0.9;;;;;;;;;;1.689;;1.779;;;1.565;;;;1.705;;;;ÁVILA;dm;BP CUATRO POSTES ;P;0,0;0,0;5974;395;05;08
05002;CALLE LOS MACEROS, SN;L-D: 24H;40.643167;AVILA;-4,698028;N;Ávila;;;;;;;;;;;1.539;;1.56;;;1.449;;;;1.592;;;;ÁVILA;dm;ALCAMPO;P;0,0;0,0;11809;395;05;08
05002;CARRETERA BURGOHONDO KM. 1;L-D: 07:00-23:00;40.649111;AVILA;-4,703917;I;Ávila;;;;;;;;;;;1.699;1.451;1.776;;;1.599;1.664;;;;;;;ÁVILA;OM;MOEVE;P;0,0;0,0;4985;395;05;08
05002;CARRETERA N-403 ESQUINA C/DOCTOR CONSTANTINO BENITO KM. SN;L-D: 06:00-22:00;40.641167;AVILA;-4,696222;D;Ávila;;;;;;;;;;;1.549;;;;;1.459;;;;;;;;ÁVILA;OM;SHELL;P;0,0;0,0;13011;395;05;08
05003;CALLE HORNOS CALEROS, S/N;L-D: 07:00-23:00;40.648472;AVILA;-4,671528;D;Ávila;1.049;;;;;;;;;1.099;1.709;;1.769;;;1.609;;;;1.729;;;;ÁVILA;dm;CAMPSA;P;0,0;0,0;5996;395;05;08
05004;CALLE RIO PISUERGA, 21;L-D: 24H;40.668389;AVILA;-4,684944;N;Ávila;0.829;;;;;;;;;;1.589;;1.649;;;1.489;;;;;;;;ÁVILA;dm;DST;P;0,0;0,0;14222;395;05;08
05004;PG POLIG. INDUST. HERVENCIAS II, S.;L: 07:00-23:00;40.667472;AVILA;-4,685583;D;Ávila;;;;;;;;;;;1.679;;1.749;;;1.589;;;;;;;;ÁVILA;dm;BP - AVILA;P;0,0;0,0;5062;395;05;08
05004;AVENIDA JUAN CARLOS I, 19;L-D: 07:00-23:00;40.662028;AVILA;-4,674306;D;Ávila;0.79;;;;;;;;;;1.709;;1.769;;;1.599;;;;1.699;;;;ÁVILA;dm;MOEVE;P;0,0;0,0;4986;395;05;08
05004;AVENIDA JUAN CARLOS I, 4;L-D: 07:00-23:00;40.661806;AVILA;-4,673333;I;Ávila;;;;;;;;;;;1.709;;1.769;;;1.599;1.659;;;;;;;ÁVILA;dm;MOEVE;P;0,0;0,0;6065;395;05;08
05004;AVENIDA PATRIMONIO DE LA HUMANIDAD, 4, 4;L-D: 24H;40.669944;AVILA;-4,660167;N;Ávila;;;;;;;;;;;1.679;;1.719;;;1.579;;;;;;;;ÁVILA;dm;CARREFOUR;P;0,0;0,0;12635;395;05;08
05004;CALLE JORGE DE SANTAYANA, 2;L-D: 24H;40.661083;AVILA;-4,679194;D;Ávila;;;;;;;;;;;1.559;;;;;1.459;;;;;;;;ÁVILA;dm;PLENERGY;P;0,0;0,0;14894;395;05;08
05004;CALLE RIO AREVALILLO, 23;L-D: 24H;40.667694;AVILA;-4,685528;I;Ávila;;;;;;;;;;;1.549;;;;;1.449;;;;;;;;ÁVILA;dm;PETROPRIX;P;0,0;0,0;14065;395;05;08
05004;CALLE RIO DUERO, 11;L-D: 24H;40.664167;AVILA;-4,679472;N;Ávila;0.829;;;;;;;;;1.039;1.585;;;;;1.485;;;;;;;;ÁVILA;dm;REPOSTAR;P;0,0;0,0;12803;395;05;08
05004;AVENIDA JUAN CARLOS I, S/N;L: 07:00-23:00;40.667694;AVILA;-4,660111;I;Ávila;0.959;;;;;;1.799;;;;1.709;;;;;1.609;;;;1.719;;;;ÁVILA;dm;REPSOL;P;0,0;0,0;6060;395;05;08
05004;AVENIDA JUAN CARLOS I, 17;L-D: 24H;40.661806;AVILA;-4,674889;D;Ávila;;;;;;;;;;;1.559;;;;;1.459;;;;;;;;ÁVILA;dm;PETROPRIX;P;0,0;0,0;15042;395;05;08
05600;CARRETERA NACIONAL 110 KM. 335,2;L-D: 07:00-23:00;40.3585;BARCO DE AVILA (EL);-5,516528;D;Barco de Ávila (El);;;;;;;;;;;1.669;;1.749;;;1.459;;;;1.559;;;;ÁVILA;dm;BELLAVISTA S.L.;P;0,0;0,0;4919;396;05;08
05110;CALLE REAL DE ARRIBA, 71;L-D: 08:00-21:00;40.478194;BARRACO (EL);-4,646944;I;Barraco (El);;;;;;;;;;;1.699;;1.829;;;1.669;;;;;;;;ÁVILA;dm;REPSOL;P;0,0;0,0;5533;397;05;08
05110;CARRETERA N-403 KM. 102;"L-V: 07:30-21:00; S-D: 08:00-21:00";40.450944;BARRACO (EL);-4,582111;D;Barraco (El);;;;;;;;;;;1.699;;1.819;;;1.669;;;;1.799;;;;ÁVILA;dm;MOEVE ;P;0,0;0,0;4907;397;05;08
05290;CARRETERA CL 507 KM 3.200 KM. 3200;"L-V: 07:00-19:50; S: 08:00-14:00; D: 09:00-14:00";40.886444;BLASCOSANCHO;-4,615028;I;Blascosancho;;;;;;;1.789;;;;1.679;;;;;1.539;;;;;;;;ÁVILA;OM;REPSOL;P;0,0;0,0;5052;407;05;08
05113;CR AV-902, 1,2 (AV-902 km 1,7);L-D: 08:00-20:30;40.411778;BURGOHONDO;-4,774750;I;Burgohondo;;;;;;;;;;;1.719;1.599;1.849;;;1.669;;;;;;;;ÁVILA;dm;REPSOL;P;0,0;0,0;5051;413;05;08
05480;AVENIDA AVIACIÓN ESPAÑOLA, 47;L-D: 07:00-22:00;40.154556;CANDELEDA;-5,245833;I;Candeleda;;;;;;;;;;;1.749;1.459;1.799;;;1.599;;;;1.719;;;;ÁVILA;dm;CEPSA;P;0,0;0,0;4988;419;05;08
05480;CR  AV-910 P.K. 1,910;L-D: 07:00-23:00;40.139583;CANDELEDA;-5,232083;D;Candeleda;;;;;;;;;;;1.759;;1.859;;;1.599;;;;;;;;ÁVILA;dm;REPSOL;P;0,0;0,0;7968;419;05;08
05480;C-501 km 8,6;L-D: 07:00-23:00;40.147556;CANDELEDA;-5,339722;D;Candeleda;;;;;;;;;;;1.759;1.499;;;;1.589;;;;1.739;;;;ÁVILA;dm;CEPSA;P;0,0;0,0;5065;419;05;08
05260;AV-512 km 0,750;L-D: 07:00-22:30;40.451778;CEBREROS;-4,467778;I;Cebreros;;;;;;;;;;;1.699;;1.819;;;1.629;;;1.719;;;;;ÁVILA;dm;CEPSA;P;0,0;0,0;5010;428;05;08
05192;CARRETERA SORIA PLASENCIA KM. 261,5;L-D: 07:00-23:00;40.635333;COLILLA (LA);-4,758444;D;Colilla (La);0.79;;;;;;;;;;1.709;1.439;1.769;;;1.599;;;;1.699;;;;ÁVILA;dm;MOEVE;P;0,0;0,0;4990;433;05;08
05300;N-50, AVILA-SALAMANCA km 147,8;L-D: 08:00-22:00;40.854417;CHAHERRERO;-4,972861;D;Crespos;;;;;;;;;;;1.695;;;;;1.53;;;;;;;;ÁVILA;dm;HERMANOS CRUZ (REPOSTAR);P;0,0;0,0;4905;437;05;08
05296;CR A-6, 118,5;L-D: 07:00-23:00;41.010083;ESPINOSA DE LOS CABALLEROS;-4,664472;D;Espinosa de los Caballeros;;;;;;;1.819;;;1.099;1.709;;;;;1.545;;;;1.705;;;;ÁVILA;OM;REPSOL;P;0,0;0,0;6058;442;05;08
05310;SALVADIOS-ALDEASECA km 10;L-S: 08:00-15:00 y 17:00-20:00;40.930639;FONTIVEROS;-4,969306;I;Fontiveros;;;;;;;;;;;1.599;;1.639;;;1.529;;;;;;;;ÁVILA;dm;SAN JUAN DE LA CRUZ;P;0,0;0,0;9328;444;05;08
05164;CARRETERA AV-804 KM. 21;"L-V: 07:00-22:00; S-D: 08:00-22:00";40.854861;HERNANSANCHO;-4,730861;D;Hernansancho;0.799;;;;;;;;;;1.689;1.449;;;;1.589;;;;;;;;ÁVILA;dm;VALCARCE;P;0,0;0,0;14470;461;05;08
05250;CARRETERA CEBREROS KM. 6,18;L-D: 24H;40.497806;HOYO DE PINARES (EL);-4,427083;I;Hoyo de Pinares (El);;;;;;;;;;;1.659;;1.749;;;1.589;;;;1.731;;;;ÁVILA;dm;BP;P;0,0;0,0;6063;469;05;08
05220;CAMINO BAJORRO, S/N;L-D: 24H;41.096972;MADRIGAL ALTAS TORRES;-4,990528;D;Madrigal de las Altas Torres;;;;;;;;;;;1.519;1.219;;;;;;;;;;;;ÁVILA;dm;AN ENERGETICOS - MADRIGAL;P;0,0;0,0;13508;481;05;08
05220;CARRETERA CR C610 KM. 26,2;"L-S: 07:00-22:00; D: 08:00-14:00";41.092972;MADRIGAL ALTAS TORRES;-5,000000;I;Madrigal de las Altas Torres;0.899;;;;;;;;;;1.719;1.359;1.779;;;1.589;;;;1.709;;;;ÁVILA;dm;F.COCA P. S.L.;P;0,0;0,0;5990;481;05;08
05280;N-403 km 148,5;L-V: 08:00-14:00;40.750389;MINGORRIA;-4,663000;D;Mingorría;;;;;;;;;;;1.729;1.39;;;;1.559;;;;;;;;ÁVILA;dm;MINGORRIA;P;0,0;0,0;8065;495;05;08
05410;CALLE MAYOR, 56;L-D: 06:00-22:00;40.263972;MOMBELTRAN;-5,014611;I;Mombeltrán;;;;;;;;;;;1.739;;1.869;;;1.679;;;;;;;;ÁVILA;dm;REPSOL;P;0,0;0,0;6044;499;05;08
05540;CARRETERA N-110 SORIA-PLASENCIA KM. 284;"L-V: 07:00-22:00; S-D: 08:00-22:00";40.580417;MUÑANA;-5,014111;D;Muñana;;;;;;;;;;;1.699;;1.799;;;1.569;;;;1.719;;;;ÁVILA;dm;REPSOL;P;0,0;0,0;5531;502;05;08
05540;CARRETERA AVILA PLASENCIA KM. 286;L-D: 24H;40.575056;MUÑANA;-5,034083;I;Muñana;;;;;;;;;;;1.599;;;;;1.579;;;;1.699;;;;ÁVILA;dm;"E.S ""EL CARRASCAL""";P;0,0;0,0;11237;502;05;08
05145;CR AV-110, 29  D;L-D: 08:30-21:30;40.705694;MUÑICO;-5,019667;D;Muñico;;;;;;;;;;;1.759;;1.829;;;1.679;;;;;;;;ÁVILA;dm;PETRONOR;P;0,0;0,0;5543;503;05;08
05309;AUTOVIA A 50 KM. 30,3;L-D: 24H;40.829389;MUÑOGRANDE;-4,936889;D;Muñogrande;;;;;;;;;;;1.719;;1.786;;;1.629;;;;1.729;;;;ÁVILA;OM;MOEVE;P;0,0;0,0;12458;505;05;08
05240;CL-505 km 63;L-D: 07:00-21:00;40.58525;NAVALPERAL DE PINARES;-4,410556;I;Navalperal de Pinares;;;;;;;;;;;1.749;1.599;1.849;;;1.629;1.729;;;;;;;ÁVILA;dm;CEPSA;P;0,0;0,0;4994;525;05;08
05100;CARRETERA SAN JUAN KM. 1;L-D: 07:30-23:00;40.413417;NAVALUENGA;-4,708444;D;Navaluenga;;;;;;;;;;;1.659;;;;;1.559;;;;;;;;ÁVILA;dm;AUTOSERVICIO;P;0,0;0,0;13018;527;05;08
05100;CARRETERA MADRID KM. 8,000;L-D: 24H;40.413722;NAVALUENGA;-4,695694;D;Navaluenga;;;;;;;;;;;1.659;;;;;1.579;;;;;;;;ÁVILA;dm;GOEXPRESS;P;0,0;0,0;14145;527;05;08
05635;CALLE BONAL, S/N;L: 08:00-21:00;40.35975;NAVARREDONDA DE GREDOS;-5,133889;D;Navarredonda de Gredos;;;;;;;;;;;1.649;;1.799;;;1.519;;;;1.679;;;;ÁVILA;dm;E.S GREDOS;P;0,0;0,0;4914;529;05;08
05120;CARRETERA BARCO KM. 34;L-D: 08:00-20:00;40.454028;NAVARREDONDILLA;-4,823306;D;Navarredondilla;;;;;;;;;;;1.699;;1.829;;;1.669;;;;;;;;ÁVILA;dm;REPSOL;P;0,0;0,0;5529;530;05;08
05230;POLIGONO AVDA PARALELA, ;"L-V: 06:00-22:00; S-D: 07:00-22:00";40.595167;NAVAS DEL MARQUES (LAS);-4,333028;D;Navas del Marqués (Las);;;;;;;1.825;;;;1.715;;;;;1.575;;;;1.735;;;;ÁVILA;OM;REPSOL;P;0,0;0,0;5073;532;05;08
05296;AUTOVIA A-6 KM. 117;L-D: 07:00-23:00;40.998222;ORBITA;-4,658639;I;Orbita;;;;;;;;;;;1.709;;1.809;;;1.545;;;;1.705;;;;ÁVILA;OM;REPSOL;P;0,0;0,0;5075;538;05;08
05215;AUTOVIA NOROESTE A-6 KM. 135,500;L-D: 24H;41.132361;PALACIOS DE GODA;-4,777583;I;Palacios de Goda;1.0;;;;;;;;;;1.729;;1.799;;;1.584;;;;1.739;;;;ÁVILA;dm;REPSOL;P;0,0;0,0;10827;542;05;08
05470;CR C-501 106,3;L-D: 07:00-22:00;40.227139;PEDRO BERNARDO;-4,886667;D;Pedro Bernardo;;;;;;;1.859;;;;1.729;;;;;1.639;;;;1.799;;;;ÁVILA;dm;REPSOL;P;0,0;0,0;5068;546;05;08
05500;C/ EXTRAMUROS - 6 (TRAVESIA CN - 110);L-D: 07:00-23:00;40.465194;PIEDRAHITA;-5,325556;D;Piedrahíta;;;;;;;;;;;1.669;1.409;1.769;;;1.535;;;;1.695;;;;ÁVILA;dm;REPSOL;P;0,0;0,0;9432;550;05;08
05500;CALLE EXTRAMUROS, S/N;L-D: 07:30-21:30;40.466083;PIEDRAHITA;-5,326889;I;Piedrahíta;;;;;;;;;;;1.679;;1.779;;;1.545;;;;;;;;ÁVILA;OM;REPSOL;P;0,0;0,0;9434;550;05;08
05350;CALLE CALZADA, S/N;"L-S: 07:00-23:00; D: 08:00-22:00";40.802917;SAN PEDRO DEL ARROYO;-4,873278;I;San Pedro del Arroyo;1.049;;;;;;;;;;1.719;1.279;1.779;;;1.629;;;;;;;;ÁVILA;dm;PETRONOR;P;0,0;0,0;5981;581;05;08
05350;CALLE CALZADA, S/N;"L-S: 07:00-23:00; D: 08:00-22:00";40.803111;SAN PEDRO DEL ARROYO;-4,873083;D;San Pedro del Arroyo;1.049;;;;;;;;;;1.719;1.279;1.779;;;1.629;;;;;;;;ÁVILA;dm;PETRONOR;P;0,0;0,0;5980;581;05;08
05290;N-VI km 101,3;L-D: 24H;40.876056;SANCHIDRIAN;-4,572917;I;Sanchidrián;;;;;;;;;;;1.569;;;;;1.469;;;;;;;;ÁVILA;dm;REPOSTAR;P;0,0;0,0;5015;583;05;08
05580;CARRETERA N-110 KM. 327,600;L-M: 07:00-22:30;40.394611;SANTA M DE LOS CABALLEROS;-5,439861;I;Santa María de los Caballeros;;;;;;;;;;;1.729;1.529;1.879;;;1.639;;;;;;;;ÁVILA;dm;CEPSA;P;0,0;0,0;5018;587;05;08
05130;CARRETERA N-502 KM. 21,200;L-D: 07:00-23:00;40.55325;SOLOSANCHO;-4,909028;D;Solosancho;;;;;;;;;;;1.679;;1.779;;;1.545;;;;1.705;;;;ÁVILA;OM;REPSOL;P;0,0;0,0;12078;602;05;08
05420;CALLE DOCTOR DIAZ PALACIOS, S,N;L-D: 05:00-23:00;40.293194;SOTILLO DE LA ADRADA;-4,579417;I;Sotillo de la Adrada;;;;;;;;;;;1.719;;1.786;;;1.629;;;;1.669;;;;ÁVILA;dm;MOEVE;P;0,0;0,0;4998;604;05;08
05270;CARRETERA CTRA. N-403-A KM. KM 90;L-D: 06:00-22:00;40.409667;TIEMBLO (EL);-4,493583;N;Tiemblo (El);;;;;;;;;;;1.639;;;;;1.579;;;;1.669;;;;ÁVILA;dm;Q8;P;0,0;0,0;4972;605;05;08
05540;CARRETERA N110 KM. 280;L-D: 24H;40.592361;TORRE (LA);-4,966528;D;Torre (La);;;;;;;;;;;1.599;;1.639;;;1.499;;;;;;;;ÁVILA;dm;GASLOWCOST;P;0,0;0,0;13622;610;05;08
05292;CARRETERA N-403 AVILA - VALLADOLID KM. 22,500;L: 07:00-21:30;40.843028;VELAYOS;-4,629861;D;Velayos;;;;;;;;;;;1.699;;1.829;;;1.599;;;;1.759;;;;ÁVILA;dm;BP;P;0,0;0,0;5973;616;05;08
05212;CARRETERA C-605 KM. 72;L-D: 07:00-23:00;41.042333;VILLANUEVA DEL ACERAL;-4,849111;I;Villanueva del Aceral;0.99;;;;;;;;;;1.749;;1.809;;;1.619;;;;;;;;ÁVILA;dm;LAS CORREHUELAS, S.L;P;0,0;0,0;4927;621;05;08
09219;AUTOPISTA AP-1 (MRG.DCHO.) KM. 63,5;L-D: 24H;42.650611;AMEYUGO;-3,069667;D;Ameyugo;;;;;;;;;;1.029;1.669;;1.769;;;1.609;;;;1.693;;;;BURGOS;OM;MOEVE;P;0,0;0,0;4984;1183;09;08
09219;AUTOPISTA AP-1 (MRG.IZDO.) KM. 63,5;L-D: 24H;42.651972;AMEYUGO;-3,068028;I;Ameyugo;;;;;;;;;;1.029;1.669;;1.769;;;1.609;;;;1.693;;;;BURGOS;OM;MOEVE;P;0,0;0,0;4983;1183;09;08
09400;CALLE BEMPOSTA R-97, 97;"L-V: 07:00-21:00; S: 07:00-23:00";41.67025;ARANDA DE DUERO;-3,707139;I;Aranda de Duero;;;;;;;;;;;1.639;;1.739;;;1.569;1.623;;;;;;;BURGOS;OM;CEPSA;P;0,0;0,0;4736;1185;09;08
09400;AVENIDA LUIS MATEOS  EN  ARANDA DE DUERO, 106;L-D: 24H;41.665556;ARANDA DE DUERO;-3,710611;D;Aranda de Duero;;;;;;;;;;;1.519;;;;;1.488;;;;;;;;BURGOS;dm;PETROPRIX;P;0,0;0,0;14458;1185;09;08
09400;AVENIDA CASTILLA, 64;L-D: 24H;41.662583;ARANDA DE DUERO;-3,691861;D;Aranda de Duero;;;;;;;1.765;;;1.105;1.665;;;;;1.605;;;;1.705;;;;BURGOS;OM;REPSOL;P;0,0;0,0;6038;1185;09;08
09400;AVENIDA PORTUGAL, 13;L: 09:00-22:00;41.665667;ARANDA DE DUERO;-3,733361;D;Aranda de Duero;;;;;;;;;;;1.709;;;;;;;;;;;;;BURGOS;dm;NO TIENE;P;0,0;0,0;12039;1185;09;08
09400;AVENIDA PORTUGAL, 21;L-D: 24H;41.666333;ARANDA DE DUERO;-3,725417;I;Aranda de Duero;0.785;;;;;;;;;;1.559;;;;;1.499;;;;;;;;BURGOS;dm;GASOLEOS ARANDA;P;0,0;0,0;11831;1185;09;08
09400;CALLE VENDIMIA  EN  ARANDA DE DUERO, 2;L-D: 07:00-23:00;41.654139;ARANDA DE DUERO;-3,699583;D;Aranda de Duero;;;;;;;;1.459;1.399;;;;;;;;;;;;;;;BURGOS;dm;MOLGAS;P;0,0;0,0;14741;1185;09;08
09400;CARRETERA LA AGUILERA KM. 0;L-D: 06:00-00:00;41.677056;ARANDA DE DUERO;-3,691944;N;Aranda de Duero;;;;;;;;;;;1.519;;;;;1.488;;;;1.649;;;;BURGOS;dm;ALCAMPO;P;0,0;0,0;4969;1185;09;08
09400;CARRETERA CL 603 KM. 0;L: 24H;41.639778;ARANDA DE DUERO;-3,693444;I;Aranda de Duero;0.75;;;;;;;;;;1.528;;;;;1.498;;;;;;;;BURGOS;dm;BUQUERIN;P;0,0;0,0;16060;1185;09;08
09400;CARRETERA NACIONAL I KM. 160,3;L-D: 24H;41.686861;ARANDA DE DUERO;-3,684861;D;Aranda de Duero;;;;;;;;;;;1.529;;;;;1.499;;;;;;;;BURGOS;dm;BEROIL;P;0,0;0,0;14172;1185;09;08
09400;AVENIDA LUIS MATEOS, 84;L-D: 06:00-22:00;41.665194;ARANDA DE DUERO;-3,705444;D;Aranda de Duero;0.85;;;;;;;;;;1.559;;1.619;;;1.529;;;;;;;;BURGOS;dm;MOEVE;P;0,0;0,0;6075;1185;09;08
09400;CALLE VENDIMIA  EN  ARANDA DE DUERO, 2;L-D: 05:00-23:00;41.653917;ARANDA DE DUERO;-3,700472;D;Aranda de Duero;0.799;;;;;;;;;;1.589;1.459;1.699;;;1.529;;;;1.659;;;;BURGOS;dm;VALCARCE;P;0,0;0,0;14632;1185;09;08
09400;CALLE SAN FRANCISCO, 39;L-D: 24H;41.674944;ARANDA DE DUERO;-3,686000;D;Aranda de Duero;;;;;;;;;;;1.625;;1.715;;;1.579;;;;1.719;;;;BURGOS;OM;BP ARANDA DE DUERO;P;0,0;0,0;5070;1185;09;08
09400;AVENIDA PORTUGAL, 53;L-D: 24H;41.667972;ARANDA DE DUERO;-3,711778;D;Aranda de Duero;;;;;;;;;;;1.579;;;;;;;;;;;;;BURGOS;dm;DGV;P;0,0;0,0;13049;1185;09;08
09400;AVENIDA PORTUGAL, 82;L-D: 24H;41.666444;ARANDA DE DUERO;-3,727861;D;Aranda de Duero;0.6;;;;;;;;;;1.529;1.099;;;;1.499;;;;;;;;BURGOS;dm;BEROIL;P;0,0;0,0;13238;1185;09;08
09195;CARRETERA ALBILLOS KM. 0,2;L-D: 24H;42.275306;ARCOS;-3,763167;D;Arcos;0.966;;;;;;;;;;1.529;;;;;1.499;;;;;;;;BURGOS;dm;NORPETROL ARCOS;P;0,0;0,0;12551;1190;09;08
09119;AUTOVIA A-62 KM. 40;L-S: 08:00-21:00;42.177028;BALBASES (LOS);-4,060028;D;Balbases (Los);;;;;;;;;;;1.649;;1.704;;;1.534;1.584;;;;;;;BURGOS;OM;GALP;P;0,0;0,0;11228;1199;09;08
09126;CARRETERA N-627, BURGOS-AGUILAR DE CAMPOO KM. 51,550;L-D: 08:00-22:00;42.693778;BASCONCILLOS DEL TOZO;-3,980611;D;Basconcillos del Tozo;;;;;;;;;;;1.668;;1.748;;;1.618;;;;1.738;;;;BURGOS;dm;REPSOL;P;0,0;0,0;5069;1208;09;08
09250;CARRETERA N-120 KM. 68,3;L-D: 07:00-22:00;42.417333;BELORADO;-3,207111;I;Belorado;0.88;;;;;;1.738;;;;1.638;1.338;;;;1.598;;;;1.698;;;;BURGOS;dm;REPSOL;P;0,0;0,0;5548;1211;09;08
09511;CR N-625, 337;"L-J: 08:00-20:00; V-D: 08:00-21:00";42.911833;BERBERANA;-3,061333;I;Berberana;;;;;;;;;;;1.548;1.248;;;;1.468;;;;1.568;;;;BURGOS;dm;E.S.FERREIRA;P;0,0;0,0;6045;1212;09;08
09240;AUTOPISTA AP-1 (MRG.DCHO.) KM. 35,5;L-D: 24H;42.526028;BRIVIESCA;-3,334111;D;Briviesca;;;;;;;;;;1.029;1.669;;1.769;;;1.609;;;;1.693;;;;BURGOS;OM;MOEVE;P;0,0;0,0;4989;1217;09;08
09240;AUTOPISTA AP-1 (MRG.IZDO.) KM. 35,5;L-D: 24H;42.528861;BRIVIESCA;-3,332083;I;Briviesca;;;;;;;;;;1.029;1.669;;1.769;;;1.609;;;;1.693;;;;BURGOS;OM;MOEVE;P;0,0;0,0;4991;1217;09;08
09240;CARRETERA BELORADO BU-710 km 1;L-D: 24H;42.536278;BRIVIESCA;-3,312889;I;Briviesca;0.966;;;;;;;;;;1.598;1.25;;;;;;;;;;;;BURGOS;dm;NORPETROL LOS CARROS;P;0,0;0,0;9431;1217;09;08
09240;CARRETERA BELORADO KM. BU-710 KM 0,5;L-D: 24H;42.535722;BRIVIESCA;-3,314917;D;Briviesca;0.966;;;;;;;;;;1.579;;;;;1.519;;;;;;;;BURGOS;dm;NORPETROL LOS CARROS 2;P;0,0;0,0;13946;1217;09;08
09240;CARRETERA N I KM. 278,050;"L-V: 24H; S-D: 06:00-00:00";42.534556;BRIVIESCA;-3,321083;I;Briviesca;1.59;;;;;;;;;;1.669;;1.759;;;1.599;;;;1.741;;;;BURGOS;dm;BP;P;0,0;0,0;10039;1217;09;08
09240;CALLE BURGOS, 11;L-D: 24H;42.555889;BRIVIESCA;-3,320056;D;Briviesca;;;;;;;;;;;1.598;;;;;1.538;;;;;;;;BURGOS;dm;NORPETROL LA VEGA;P;0,0;0,0;9430;1217;09;08
09240;CTRA.CORNUDILLA, KM.3,2;L-D: 24H;42.56325;BRIVIESCA;-3,331597;D;Briviesca;;;;;;;;;;;1.548;1.1;;;;1.438;;;;;;;;BURGOS;dm;SUMINISTROS AGROBUREBA, SL;P;0,0;0,0;8990;1217;09;08
09230;CARRETERA A 62 KM. 14;L-D: 24H;42.300722;BUNIEL;-3,835139;D;Buniel;0.6;;;;;;;;;;1.529;;1.539;;;1.499;;;;;;;;BURGOS;dm;BEROIL;P;0,0;0,0;13239;1219;09;08
09003;CL GENERAL SANZ PASTOR, S.N.;L-V: 08:00-16:00;42.344667;BURGOS;-3,698667;D;Burgos;;;;;;;;;;;1.619;;;;;1.599;;;;;;;;BURGOS;OM;REPSOL;P;0,0;0,0;5989;1220;09;08
09001;CALLE LOPEZ BRAVO, 17;L-D: 24H;42.371861;BURGOS;-3,728361;D;Burgos;0.6;;;;;;;;;;1.529;;;;;1.499;;;;;;;;BURGOS;dm;BEROIL;P;0,0;0,0;14166;1220;09;08
09001;CARRETERA NACIONAL I KM. 236;L-D: 24H;42.319611;BURGOS;-3,702278;D;Burgos;;;;;;;;;;;1.529;;1.549;;;1.499;;;;;;;;BURGOS;OM;BALLENOIL;P;0,0;0,0;16192;1220;09;08
09001;AUTOVIA A-I KM. 235;L-D: 07:00-23:00;42.310278;BURGOS;-3,702917;I;Burgos;;;;;;;;;;1.029;1.659;;1.759;;;1.619;1.673;;;;;;;BURGOS;OM;MOEVE;P;0,0;0,0;11058;1220;09;08
09001;PASEO LAS FUENTECILLAS, S/N;L-S: 07:45-19:50;42.342417;BURGOS;-3,720889;I;Burgos;;;;;;;;;;;1.659;;1.759;;;1.619;1.659;;;;;;;BURGOS;OM;CEPSA;P;0,0;0,0;6006;1220;09;08
09001;CARRETERA BURGOS-QUINTANADUEÑAS KM. 3;L-D: 24H;42.364306;BURGOS;-3,711944;D;Burgos;0.799;;;;;;;;;0.989;1.549;;1.559;;;1.509;;;;1.699;;;;BURGOS;dm;LAS TERRAZAS;P;0,0;0,0;10753;1220;09;08
09001;CALLE DEL ALFOZ DE BRICIA  EN  BURGOS, 28;L-D: 24H;42.365028;BURGOS;-3,698778;D;Burgos;0.966;;;;;;;;;;1.539;;1.549;;;1.499;;;;;;;;BURGOS;dm;NORPETROL;P;0,0;0,0;16126;1220;09;08
09001;LOPEZ BRAVO, 93;"L-V: 06:30-22:00; S: 08:00-14:30";42.362528;BURGOS;-3,762083;D;Burgos;;;;;;;;;;;1.637;;1.717;;;1.597;;;;1.747;;;;BURGOS;dm;VILLALÓN;P;0,0;0,0;9803;1220;09;08
09001;CALLE CONDADO DE TREVIÑO, 30;L-D: 06:00-00:00;42.370528;BURGOS;-3,718528;I;Burgos;;;;;;;;;;;1.699;;1.809;;;1.629;1.699;;;;;;;BURGOS;dm;VILLALONQUEJAR;P;0,0;0,0;11878;1220;09;08
09001;CL MADRID, 66;L-D: 24H;42.330333;BURGOS;-3,700500;D;Burgos;;;;;;;;;;;1.669;;1.729;;;1.619;;;;1.729;;;;BURGOS;dm;REPSOL;P;0,0;0,0;6053;1220;09;08
09001;CL AVENIDA PALENCIA, S.N.;L-D: 24H;42.337472;BURGOS;-3,711889;D;Burgos;;;;;;;;;;1.119;1.669;;1.729;;;1.619;;;;1.729;;;;BURGOS;dm;REPSOL;P;0,0;0,0;5986;1220;09;08
09006;CARRETERA SANTANDER N-623 (CARREFOUR) KM. 2;L-D: 24H;42.360694;BURGOS;-3,694778;N;Burgos;;;;;;;;;;;1.619;;1.659;;;1.589;;;;1.719;;;;BURGOS;dm;CARREFOUR;P;0,0;0,0;12062;1220;09;08
09006;AVENIDA ISLAS BALEARES, S/N;L-D: 24H;42.363611;BURGOS;-3,680694;D;Burgos;;;;;;;;;;;1.689;;1.799;;;1.619;1.689;;;;;;;BURGOS;dm;FUNDACION AIDA CEPSA;P;0,0;0,0;6068;1220;09;08
09006;AVENIDA PRINCIPE DE ASTURIAS, SN;L-V: 07:00-23:00;42.365528;BURGOS;-3,674806;D;Burgos;;;;;;;;;;;1.699;;1.809;;;1.629;;;;1.699;;;;BURGOS;dm;TRIFON;P;0,0;0,0;14516;1220;09;08
09006;CARRETERA CARRETERA DE SANTANDER KM. 2;L-D: 24H;42.358694;BURGOS;-3,695111;N;Burgos;0.6;;;;;;;;;0.999;1.529;;1.539;;;1.499;;;;1.764;;;;BURGOS;dm;BEROIL;P;0,0;0,0;6073;1220;09;08
09007;CALLE ALCALDE MARTIN COBOS  EN  BURGOS, 12;L-D: 24H;42.351583;BURGOS;-3,647722;D;Burgos;0.966;;;;;;;;;;1.529;;1.539;;;1.499;;;;;;;;BURGOS;dm;NORPETROL ORY;P;0,0;0,0;14798;1220;09;08
09007;CL GLORIETA LOGROÑO, S.N.;L-D: 24H;42.34875;BURGOS;-3,677917;D;Burgos;;;;;;;;;;;1.669;;1.729;;;1.619;;;;1.729;;;;BURGOS;dm;REPSOL;P;0,0;0,0;5532;1220;09;08
09007;CALLE ALCALDE MARTIN COBOS  EN  BURGOS, 18;L-D: 06:00-22:00;42.358722;BURGOS;-3,650972;N;Burgos;;;;;;;;;;;1.659;;1.759;;;1.619;1.683;;;;;;;BURGOS;OM;CEPSA;P;0,0;0,0;14580;1220;09;08
09007;CALLE JUAN RAMÓN JIMENEZ, S/N;L-D: 24H;42.351167;BURGOS;-3,660306;D;Burgos;;;;;;;;;;;1.529;;1.549;;;1.499;;;;;;;;BURGOS;OM;BALLENOIL;P;0,0;0,0;15683;1220;09;08
09007;CALLE ALCALDE MARTIN COBOS  EN  BURGOS, 19;L-D: 24H;42.360639;BURGOS;-3,652806;N;Burgos;0.6;;;;;;;;;;1.529;;;;;1.499;;;;;;;;BURGOS;dm;BEROIL;P;0,0;0,0;16220;1220;09;08
09007;CALLE ALCALDE MARTÍN COBOS, 26;L-D: 24H;42.362;BURGOS;-3,653500;D;Burgos;;;;;;;;;;;1.529;;;;;1.499;;;;;;;;BURGOS;dm;PLENERGY;P;0,0;0,0;15572;1220;09;08
09006;CARRETERA N-623 KM. 0;L-D: 06:30-22:30;42.366083;VILLATORO;-3,692694;N;Burgos;;;;;;;;;;;1.579;;1.629;;;1.549;1.599;;;;;;;BURGOS;OM;GALP;P;0,0;0,0;5040;1220;09;08
09192;CALLE VITORIA, 290;L-D: 07:00-23:00;42.364111;VILLAFRIA;-3,622139;D;Burgos;;;;;;;1.745;;;;1.635;;;;;1.589;;;;1.749;;;;BURGOS;OM;REPSOL;P;0,0;0,0;5982;1220;09;08
09007;CARRETERA NACIONAL 120 KM. 108,3;L-D: 07:00-23:00;42.344583;VILLAYUDA O LA VENTILLA;-3,647944;I;Burgos;;;;;;;;;;1.105;1.639;;1.689;;;1.609;;;;1.719;;;;BURGOS;OM;REPSOL;P;0,0;0,0;6059;1220;09;08
09007;CALLE PARAMO, 15;"L-V: 07:00-21:00; S: 07:00-14:00";42.347111;VILLAYUDA O LA VENTILLA;-3,650194;D;Burgos;;;;;;;;;;;1.659;;;;;1.619;;;;;;;;BURGOS;OM;CEPSA;P;0,0;0,0;14321;1220;09;08
09000;CALLE CONDADO DE TREVIÑO, 2;L-D: 24H;42.368111;BURGOS;-3,728194;D;Burgos;;;;;;;;;;;1.639;;;;;1.539;;;;;;;;BURGOS;dm;BIESA;P;0,0;0,0;12608;1220;09;08
09192;CARRETERA NACIONAL I KM. 247;L-D: 24H;42.369417;BURGOS;-3,607611;I;Burgos;1.5;;;;;;;;;;1.809;;;;;1.754;;;;;;;;BURGOS;dm;URLAVE;P;0,0;0,0;4942;1220;09;08
09451;CARRETERA BU-910 KM. 24;L-D: 08:00-21:00;41.823167;CALERUEGA;-3,490250;I;Caleruega;;;;;;;;;;;1.669;;1.909;;;1.619;;;;1.779;;;;BURGOS;dm;MOEVE;P;0,0;0,0;5544;1224;09;08
09193;CALLE CALZADA, 1;L-D: 24H;42.287639;CARCEDO DE BURGOS;-3,623639;D;Carcedo de Burgos;;;;;;;;;;;1.497;;;;;1.437;;;;;;;;BURGOS;dm;CARCEDOIL;P;0,0;0,0;14118;1231;09;08
09193;CARRETERA N-120 KM. 106;L-D: 06:00-22:00;42.34125;CARDEÑAJIMENO;-3,612222;I;Cardeñajimeno;;;;;;;1.745;;;;1.635;;;;;1.609;;;;1.769;;;;BURGOS;OM;REPSOL;P;0,0;0,0;5518;1233;09;08
09391;CARRETERA N-122 KM. 278,160;L-D: 07:00-22:00;41.648417;CASTRILLO DE LA VEGA;-3,782750;D;Castrillo de la Vega;0.75;;;;;;;;;;1.679;1.25;;;;1.659;1.729;;;;;;;BURGOS;dm;CEPSA;P;0,0;0,0;6071;1242;09;08
09110;CARRETERA BU-P-4013 KM. 1;L-D: 24H;42.286667;CASTROJERIZ;-4,141333;D;Castrojeriz;;;;;;;1.799;;;;1.779;;;;;1.649;;;;;;;;BURGOS;dm;PETRONOR;P;0,0;0,0;5515;1246;09;08
09110;CAMINO HERAS, S/N;L-V: 09:00-13:30 y 15:30-19:00;42.286833;CASTROJERIZ;-4,145472;D;Castrojeriz;0.96;;;;;;;;;;1.659;;;;;1.539;;;;;;;;BURGOS;dm;BIESA;P;0,0;0,0;9235;1246;09;08
09349;AUTOVIA A-1 KM. 189,9;L-D: 24H;41.929778;CILLERUELO DE ABAJO;-3,763361;I;Cilleruelo de Abajo;;;;;;;;;;;1.635;;1.725;;;1.599;;;;1.739;;;;BURGOS;dm;BP;P;0,0;0,0;11691;1255;09;08
09215;POLIGONO POLIGONO 517 PARCELA 19, S/N;L-D: 24H;42.722944;ARMENTIA;-2,696139;N;Condado de Treviño;0.735;;;;;;;;;;1.58;1.24;;;;1.48;;;;;;;;BURGOS;dm;AN ENERGETICOS - VENTAS DE ARMENTIA;P;0,0;0,0;12207;1259;09;08
09215;CARRETERA MIRANDA DE EBRO KM. 38;"L-S: 07:00-22:00; D: 08:00-15:00";42.733694;TREVIÑO;-2,750194;I;Condado de Treviño;;;;;;;;;;;1.749;;1.758;;;1.619;;;;;;;;BURGOS;dm;GASOLINERA TREVIÑO;P;0,0;0,0;4944;1259;09;08
09560;CALLE ESTACION, S/N;L-D: 07:00-22:00;43.075361;ESPINOSA DE LOS MONTEROS;-3,542806;I;Espinosa de los Monteros;1.29;;;;;;;;;;1.655;1.465;1.775;;;1.599;;;;1.759;;;;BURGOS;dm;A.S. LA ESTACION DE ESPINOSA;P;0,0;0,0;11947;1269;09;08
09230;CARRETERA NACIONAL 620 KM. 20;L-D: 24H;42.278444;ESTEPAR;-3,891750;N;Estépar;0.6;;;;;;;;;;1.529;1.099;1.539;;;1.499;;;;;;;;BURGOS;dm;BEROIL;P;0,0;0,0;4970;1271;09;08
09230;N-620 km 22;L-D: 24H;42.275278;ESTEPAR;-3,897222;N;Estépar;0.799;;;;;;;;;;1.669;1.359;;;;1.539;;;;;;;;BURGOS;dm;VALCARCE;P;0,0;0,0;8034;1271;09;08
09349;CARRETERA A-1 KM. 187,800;"L-V: 07:00-23:00; S: 08:00-22:00; D: 08:00-23:00";41.916222;FONTIOSO;-3,751139;I;Fontioso;;;;;;;1.729;1.409;1.349;;1.619;1.33;;;;1.585;;;;;;;;BURGOS;OM;REPSOL;P;0,0;0,0;5054;1272;09;08
09349;AUTV.A-1 km 190;"L-V: 24H; S: 00:00-23:00; D: 07:00-23:00";41.930556;FONTIOSO;-3,759889;D;Fontioso;0.979;;;;;;;;;;1.689;;1.759;;;1.639;;;;1.749;;;;BURGOS;dm;SHELL;P;0,0;0,0;8403;1272;09;08
09230;AUTOVIA A-62 KM. 16,7;L-D: 07:00-23:00;42.294444;FRANDOVINEZ;-3,846500;D;Frandovínez;;;;;;;;;;;1.659;;1.709;;;1.599;;;;1.759;;;;BURGOS;OM;REPSOL;P;0,0;0,0;5975;1273;09;08
09315;CARRETERA N122 KM286 KM. 286;L-D: 24H;41.626083;FUENTECEN;-3,878722;D;Fuentecén;0.6;;;;;;;;1.229;;1.529;1.099;;;;1.499;;;;;;;;BURGOS;dm;BEROIL;P;0,0;0,0;13254;1281;09;08
09471;A-1 km 152,8;L-D: 07:00-23:00;41.616306;FUENTESPINA;-3,684833;D;Fuentespina;;;;;;;;;;;1.669;;1.746;;;1.593;1.663;;;1.673;;;;BURGOS;OM;CEPSA;P;0,0;0,0;5059;1286;09;08
09370;AUTOVIA A-1 KM. 171;"L-J: 08:00-21:00; V: 08:00-22:00; S: 08:00-21:00; D: 10:00-22:00";41.78025;GUMIEL DE IZAN;-3,695667;D;Gumiel de Izán;;;;;;;;;;;1.619;;1.719;;;1.585;;;;1.745;;;;BURGOS;OM;PETRONOR;P;0,0;0,0;6011;1291;09;08
09430;CARRETERA C-111 (ARANDA DE DUERO - SALAS) KM. 40,9;"L-V: 08:30-20:30; S: 08:30-14:30 y 16:00-20:30; D: 10:00-14:30 y 16:00-20:30";41.835056;HUERTA DEL REY;-3,345889;D;Huerta de Rey;;;;;;;;;;;1.619;;1.719;;;1.575;;;;;;;;BURGOS;OM;REPSOL;P;0,0;0,0;6054;1307;09;08
09340;CALLE GALERNA  EN  LERMA, 6;L-D: 24H;42.0375;LERMA;-3,766778;D;Lerma;;;;;;;;;;;1.717;;;;;1.609;;;;;;;;BURGOS;dm;"BV-CARBURANTES / "" DTO %""";P;0,0;0,0;9008;1322;09;08
09340;CARRETERA CTRA. LERMA/VILLALMANZO S/N KM. S/N;L-D: 24H;42.037389;LERMA;-3,753889;N;Lerma;;;;;;;;;;;1.679;;;;;1.579;;;;;;;;BURGOS;dm;REDSTONE PREMIUM, S.L.;P;0,0;0,0;10631;1322;09;08
09330;AUTOVIA A-1 KM. 214,1;"L-J: 08:00-21:00; V-D: 08:00-22:00";42.132361;MADRIGALEJO DEL MONTE;-3,716806;I;Madrigalejo del Monte;;;;;;;;;;;1.669;;1.769;;;1.619;;;;;;;;BURGOS;dm;CEPSA;P;0,0;0,0;5002;1325;09;08
09500;POLIGONO NAVAS, 1;L-D: 24H;42.943167;MEDINA DE POMAR;-3,485278;D;Medina de Pomar;0.6;;;;;;;;;;1.599;1.249;1.609;;;1.559;;;;;;;;BURGOS;dm;AVIA;P;0,0;0,0;12449;1333;09;08
09500;CARRETERA N-629 KM. 25,300;L-D: 07:00-21:30;42.945;MEDINA DE POMAR;-3,483000;I;Medina de Pomar;;;;;;;1.769;;;;1.679;1.499;;;;1.619;;;;1.769;;;;BURGOS;dm;REPSOL;P;0,0;0,0;6004;1333;09;08
09100;CALLE FERNAN GONZALEZ, 1;L-V: 08:00-13:30 y 15:30-18:00;42.401528;MELGAR DE FERNAMENTAL;-4,245167;D;Melgar de Fernamental;;;;;;;;;;;1.659;;;;;;;;;;;;;BURGOS;dm;BIESA;P;0,0;0,0;12606;1334;09;08
09100;CR N-120, 162;L-D: 07:00-22:00;42.403056;MELGAR DE FERNAMENTAL;-4,238167;D;Melgar de Fernamental;;;;;;;;;;;1.669;;1.769;;;1.593;;;;1.673;;;;BURGOS;OM;MOEVE;P;0,0;0,0;5991;1334;09;08
09569;CR C-629, 60;L-D: 06:00-20:00;43.080083;BERCEDO;-3,458333;D;Merindad de Montija;;;;;;;;;;;1.655;1.495;;;;1.605;;;;1.775;;;;BURGOS;dm;REPSOL;P;0,0;0,0;6018;1336;09;08
09569;CALLE CAMINO REAL  EN  VILLASANTE, S/N;L-D: 24H;43.059139;VILLASANTE;-3,476417;D;Merindad de Montija;0.849;;;;;;;;;;1.509;;;;;1.499;;;;;;;;BURGOS;dm;TENERGY;P;0,0;0,0;15021;1336;09;08
09141;CARRETERA CL-629 KM. 35;L-D: 07:00-22:00;42.637028;CERNEGULA;-3,623861;I;Merindad de Río Ubierna;0.75;;;;;;;;;;1.479;;;;;1.399;;;;;;;;BURGOS;dm;E.S. LAS BRUJAS - CERNEGULA;P;0,0;0,0;4938;1337;09;08
09568;CARRETERA BU526 KM. 22;L-D: 24H;43.04575;VALLEJO;-3,688250;N;Merindad de Sotoscueva;;;;;;;;;;;1.629;;;;;1.578;;;;;;;;BURGOS;dm;AVIA;P;0,0;0,0;4959;1338;09;08
09460;AUTOVIA A-1 KM. 149,3;L-D: 07:00-23:00;41.593833;MILAGROS;-3,697222;I;Milagros;0.85;;;;;;;;;;1.679;;1.782;;;1.603;1.673;;;;;;;BURGOS;dm;CEPSA;P;0,0;0,0;5041;1341;09;08
09200;CARRETERA DE BILBAO (C.C. LECLERC) km S/N;L-D: 24H;42.6955;MIRANDA DE EBRO;-2,951750;D;Miranda de Ebro;;;;;;;;;;;1.56;;1.61;;;1.49;1.54;;;;;;;BURGOS;dm;E.LECLERC;P;0,0;0,0;4753;1342;09;08
09200; CTRA NACIONAL 1 KM 318,8, ;L-V: 06:00-21:00;42.692944;MIRANDA DE EBRO;-2,937500;I;Miranda de Ebro;;;;;;;;;;;1.665;;1.725;;;1.599;;;;1.759;;;;BURGOS;OM;REPSOL;P;0,0;0,0;6041;1342;09;08
09200;CARRETERA MADRID-IRUN KM. 318;L-D: 06:30-22:30;42.688306;MIRANDA DE EBRO;-2,952944;D;Miranda de Ebro;;;;;;;;;;1.079;1.659;;1.729;;;1.595;;;;;;;;BURGOS;OM;REPSOL;P;0,0;0,0;5983;1342;09;08
09200;CARRETERA MADRID-IRUN KM. 318;"L-V: 06:00-21:00; S: 08:00-14:00; D: 07:00-15:00";42.688833;MIRANDA DE EBRO;-2,952750;I;Miranda de Ebro;;;;;;;;;;;1.659;;1.729;;;1.595;;;;1.705;;;;BURGOS;OM;REPSOL;P;0,0;0,0;5984;1342;09;08
09200;CARRETERA NACIONAL 1 MADRID IRUN KM. 318;L-D: 24H;42.686333;MIRANDA DE EBRO;-2,961472;I;Miranda de Ebro;0.949;;;;;;;;;;1.669;;1.766;;;1.609;;;;1.75;;;;BURGOS;dm;BP VIA NORTE;P;0,0;0,0;12425;1342;09;08
09200;CTRA. DE LOGROÑO, 70;L-D: 06:30-22:30;42.68575;MIRANDA DE EBRO;-2,932667;N;Miranda de Ebro;;;;;;;;;;;1.619;1.349;1.669;;;1.549;;;;1.689;;;;BURGOS;OM;GALP ;P;0,0;0,0;5037;1342;09;08
09200;CARRETERA BILBAO  EN  MIRANDA DE EBRO KM. 40;L-D: 24H;42.692972;MIRANDA DE EBRO;-2,950500;D;Miranda de Ebro;;;;;;;;;;;1.559;;;;;1.489;;;;;;;;BURGOS;dm;PLENERGY;P;0,0;0,0;15267;1342;09;08
09200;POLIGONO P. INDUSTRIAL BAYAS 146 PARCELAS 58, 146;L-D: 24H;42.696583;MIRANDA DE EBRO;-2,915250;D;Miranda de Ebro;0.6;;;;;;;;;;1.539;;;;;1.499;;;;;;;;BURGOS;dm;BEROIL;P;0,0;0,0;13372;1342;09;08
09200;CARRETERA BILBAO  EN  MIRANDA DE EBRO KM. 34;L-V: 09:00-17:00;42.692556;MIRANDA DE EBRO;-2,949556;D;Miranda de Ebro;;;;;;;;;;;1.669;;1.769;;;1.609;1.663;;;;;;;BURGOS;OM;CEPSA;P;0,0;0,0;16117;1342;09;08
09311;CR BU-619, 26,1;"L-V: 07:00-22:00; S: 08:00-22:00; D: 09:00-22:00";41.781611;OLMEDILLO DE ROA;-3,929972;D;Olmedillo de Roa;;;;;;;1.729;;;;1.619;1.32;;;;1.575;;;;;;;;BURGOS;OM;REPSOL;P;0,0;0,0;6028;1355;09;08
09530;CARRETERA LOGROÑO SANTANDER KM. 508;"L-V: 07:30-21:00; S-D: 08:30-21:00";42.734833;OÑA;-3,414722;I;Oña;;;;;;;;;;;1.579;;1.599;;;1.499;;;;;;;;BURGOS;dm;AVIA;P;0,0;0,0;4920;1357;09;08
09350;AUTOVIA A-2 KM. 176,6;"L-V: 08:00-22:00; S: 09:30-19:30; D: 10:30-20:30";41.824917;OQUILLAS;-3,703972;D;Oquillas;0.799;;;;;;;;;;1.579;;1.674;;;1.554;1.604;;;;;;;BURGOS;OM;GALP;P;0,0;0,0;5036;1358;09;08
09680;POLIGONO POLIGONO INDUSTRIAL LAS ERAS ALTO DE LA PALOMERA, 5;L-D: 06:00-00:00;41.978583;PALACIOS DE LA SIERRA;-3,142333;D;Palacios de la Sierra;0.65;;;;;;;;;;1.459;;1.479;;;1.439;;;;;;;;BURGOS;dm;ES HERMANOS OLALLA;P;0,0;0,0;13038;1363;09;08
09462;AUTOVIA A-1 KM. 146,7;L-D: 07:00-23:00;41.573639;PARDILLA;-3,705500;D;Pardilla;0.85;;;;;;;;;;1.679;;1.782;;;1.603;1.673;;;;;;;BURGOS;dm;CEPSA;P;0,0;0,0;5007;1369;09;08
09290;AU AP-1  (DCHA), 12;L-D: 24H;42.404111;QUINTANAPALLA;-3,549583;D;Quintanapalla;;;;;;;;;;1.089;1.665;;1.705;;;1.619;1.669;;;1.719;;;;BURGOS;OM;REPSOL;P;0,0;0,0;5078;1394;09;08
09290;AU AP-1   (IZDA), 12;L-D: 24H;42.40475;QUINTANAPALLA;-3,549556;I;Quintanapalla;;;;;;;;;;1.079;1.665;;1.705;;;1.609;;;;1.719;;;;BURGOS;OM;REPSOL;P;0,0;0,0;5079;1394;09;08
09670;CTRA. DE SORIA, S/N (CRTA. DE SORIA, S/N);"L-S: 08:00-21:00; D: 09:00-21:00";41.972694;QUINTANAR DE LA SIERRA;-3,041972;D;Quintanar de la Sierra;;;;;;;;;;;1.529;;1.584;;;1.524;;;;1.659;;;;BURGOS;OM;GALP;P;0,0;0,0;5038;1395;09;08
09140;CARRETERA N-623 KM. 10;L-D: 07:00-23:00;42.426861;VIVAR DEL CID;-3,681639;D;Quintanilla Vivar;;;;;;;;;;;1.679;;1.779;;;1.599;1.677;;;;;;;BURGOS;dm;CEPSA;P;0,0;0,0;4918;1401;09;08
09131;CARRETERA A-231			 KM. 152;L-D: 07:00-23:00;42.366583;QUINTANILLAS (LAS);-3,843667;D;Quintanillas (Las);;;;;;;;;;;1.629;;1.709;;;1.605;;;;1.755;;;;BURGOS;OM;REPSOL;P;0,0;0,0;16072;1402;09;08
09613;CARRETERA BURGOS-SAGUNTO KM. S/N;"L-V: 08:00-20:00; S: 10:00-13:00";42.027639;REVILLA (LA);-3,322972;D;Revilla y Ahedo (La);0.69;;;;;;;;;;1.569;;;;;1.529;;;;;;;;BURGOS;dm;PINAROIL S.L.;P;0,0;0,0;10164;1414;09;08
09300;CARRETERA SAN MARTIN DE RUBIALES KM. 1;L-V: 09:00-14:00 y 16:00-19:00;41.690528;ROA;-3,925778;D;Roa;0.69;;;;;;;;;;1.653;1.159;;;;1.575;;;;;;;;BURGOS;dm;CORIDU;P;0,0;0,0;9215;1418;09;08
09300;CARRETERA BU-111 CTRA. LERMA-S.MARIN RUBIALES KM. 28,500;L-D: 07:00-23:00;41.6985;ROA;-3,923194;D;Roa;;;;;;;1.735;;;;1.625;1.31;;;;1.575;;;;1.735;;;;BURGOS;OM;REPSOL;P;0,0;0,0;6042;1418;09;08
09199;N-I km 249;L-D: 24H;42.37675;RUBENA;-3,590833;D;Rubena;0.6;;;;;;1.599;1.299;1.249;;1.529;1.099;1.539;;;1.499;;;;;;;;BURGOS;dm;BEROIL, S.L.;P;0,0;0,0;4908;1421;09;08
09600;CARRETERA N-234 KM. 437;L-D: 07:00-23:00;42.023583;SALAS DE LOS INFANTES;-3,292250;D;Salas de los Infantes;;;;;;;;;;;1.619;;1.669;;;1.579;;;;1.729;;;;BURGOS;OM;REPSOL;P;0,0;0,0;5998;1425;09;08
09620;AUTV.A-1 (N-234) km 225,5;"L-V: 06:30-23:00; S-D: 07:00-23:00";42.226389;SARRACIN;-3,707250;I;Sarracín;0.979;;;;;;;;;;1.689;;1.759;;;1.639;;;;;;;;BURGOS;dm;SHELL;P;0,0;0,0;8405;1448;09;08
09620;CARRETERA N-I KM. 228,3;L-D: 24H;42.245333;SARRACIN;-3,705972;I;Sarracín;0.799;;;;;;1.769;;;;1.674;;1.769;;;1.614;1.664;;;;;;;BURGOS;OM;GALP;P;0,0;0,0;5028;1448;09;08
09620;CARRETERA N-I KM. 228,4;L-D: 24H;42.245833;SARRACIN;-3,703139;D;Sarracín;0.799;;;;;;1.739;;;;1.644;;1.739;;;1.609;1.659;;;;;;;BURGOS;OM;GALP;P;0,0;0,0;5074;1448;09;08
09123;CARRETERA NACIONAL 120 LOGROÑO  -VIGO KM. 145;"L-S: 07:00-22:00; D: 08:00-22:00";42.399444;OLMILLOS DE SASAMON;-4,038056;D;Sasamón;0.995;;;;;;1.798;;;;1.648;;;;;1.598;;;;1.698;;;;BURGOS;dm;REPSOL;P;0,0;0,0;15368;1449;09;08
09135;CARRETERA A BARRIO DE SAN FELICES  EN  SOTRESGUDO KM. 1;L-V: 09:00-13:30 y 15:30-19:00;42.5565;SOTRESGUDO;-4,203167;D;Sotresgudo;;;;;;;;;;;1.679;;;;;1.539;;;;;;;;BURGOS;dm;BIESA;P;0,0;0,0;12607;1455;09;08
09540;CTRA. N-629 OÑA-SANTOÑA, KM. 7,7;L-D: 24H;42.806222;TRESPADERNE;-3,390056;D;Trespaderne;;;;;;;;;;;1.558;1.19;1.598;;;1.489;;;;1.589;;;;BURGOS;dm;E.S. BASURTO, S.L.;P;0,0;0,0;9284;1471;09;08
09491;CR N-122, 257;L: 07:00-22:00;41.633528;VADOCONDES;-3,578028;I;Vadocondes;;;;;;;1.745;;;;1.635;;;;;1.575;;;;1.735;;;;BURGOS;OM;REPSOL;P;0,0;0,0;5545;1475;09;08
09510;CARRETERA BU-550 KM. 27;L-D: 07:00-21:00;42.978611;QUINCOCES DE YUSO;-3,222722;N;Valle de Losa;;;;;;;;;;;1.699;1.214;1.754;;;1.614;;;;;;;;BURGOS;OM;GALP;P;0,0;0,0;5043;1481;09;08
09585;CARRETERA C-6318 KM. 43,4;L-D: 07:00-21:00;43.111639;ENTRAMBASAGUAS;-3,266222;I;Valle de Mena;;;;;;;;;;;1.645;1.365;1.715;;;1.595;;;;;;;;BURGOS;dm;PETRONOR;P;0,0;0,0;6046;1483;09;08
09585;CR C-6318, 34;"L-V: 07:00-20:00; S: 07:30-20:00";43.166972;SANTA CRUZ DE MENA;-3,229222;D;Valle de Mena;;;;;;;1.745;;;;1.635;;;;;1.579;;;;;;;;BURGOS;OM;REPSOL;P;0,0;0,0;6052;1483;09;08
09585;POLIGONO POLIGONO INDUSTRIAL PARCELA 9A, 9;L-D: 24H;43.158583;SANTECILLA;-3,235833;N;Valle de Mena;0.6;;;;;;;;;;1.529;;;;;1.499;;;;;;;;BURGOS;dm;BEROIL;P;0,0;0,0;13638;1483;09;08
09210;CARRETERA BU-530 KM. 11,800;"L-V: 07:00-18:45; S-D: 09:15-18:45";42.790083;QUINTANA MARTIN GALINDEZ;-3,264778;D;Valle de Tobalina;;;;;;;;;;;1.779;;;;;1.669;;;;;;;;BURGOS;dm;TOBALINOIL;P;0,0;0,0;10980;1487;09;08
09572; CTRA N-623  BURGOS-SANTANDER  KM 83, ;L-D: 08:00-21:45;42.970556;CILLERUELO DE BEZANA;-3,849417;I;Valle de Valdebezana;;;;;;;;;;;1.629;;1.679;;;1.578;;;;1.628;;;;BURGOS;dm;AVIA;P;0,0;0,0;4940;1488;09;08
09127;CARRETERA NACIONAL 627 KM. 66,150;L: 07:00-23:00;42.739889;FUENCALIENTE DE LUCIO;-4,141444;D;Valle de Valdelucio;0.6;;;;;;;;;;1.539;;1.549;;;1.499;;;;;;;;BURGOS;dm;BEROIL;P;0,0;0,0;5056;1490;09;08
09120;C-627 km 39,5;L-D: 08:00-21:00;42.512111;VILLADIEGO;-4,010778;D;Villadiego;;;;;;;;;;;1.649;;1.749;;;1.599;;;;1.699;;;;BURGOS;dm;CEPSA;P;0,0;0,0;5019;1499;09;08
09195;CARRETERA MADRID-IRUN KM. 232,8;L-D: 07:00-23:00;42.290056;VILLAGONZALO PEDERNALES;-3,703306;D;Villagonzalo Pedernales;0.969;;;;;;1.749;;;;1.679;;;;;1.629;;;;1.739;;;;BURGOS;dm;REPSOL;P;0,0;0,0;5993;1506;09;08
09195;CTRA.N-620 km 6,6;L-D: 24H;42.306722;VILLAGONZALO PEDERNALES;-3,732250;I;Villagonzalo Pedernales;;;;;;;;;;;1.689;;1.75;;;1.639;;;;1.749;;;;BURGOS;dm;SHELL;P;0,0;0,0;8406;1506;09;08
09195;CARRETERA NACIONAL A-1 KM. 232,8;L-D: 07:00-23:00;42.290333;VILLAGONZALO PEDERNALES;-3,704944;I;Villagonzalo Pedernales;0.969;;;;;;;;;;1.679;;1.739;;;1.629;;;;1.739;;;;BURGOS;dm;REPSOL;P;0,0;0,0;5994;1506;09;08
09195;CR A-62, 5,7;L-D: 24H;42.309056;VILLAGONZALO PEDERNALES;-3,723556;D;Villagonzalo Pedernales;;;;;;;1.749;;;;1.639;;;;;1.615;;;;1.725;;;;BURGOS;OM;REPSOL;P;0,0;0,0;5076;1506;09;08
09195;CARRETERA MADRID IRUN KM. 243;L-D: 24H;42.308861;VILLAGONZALO PEDERNALES;-3,702722;D;Villagonzalo Pedernales;;;;;;;;;;;1.529;;;;;1.499;;;;;;;;BURGOS;dm;BEROIL;P;0,0;0,0;13236;1506;09;08
09197;CARRETERA CARRETERA NACIONAL 120 KM. 119;L-D: 07:00-23:00;42.340889;VILLALBILLA DE BURGOS;-3,767000;I;Villalbilla de Burgos;1.0;;;;;;1.749;;;;1.689;1.409;;;;1.619;;;;1.719;;;;BURGOS;dm;REPSOL;P;0,0;0,0;6008;1509;09;08
09390;CARRETERA CRTA A-1,  MADRID-BURGOS KM. 203;L-D: 24H;42.040694;VILLALMANZO;-3,752778;I;Villalmanzo;0.979;;;;;;1.799;;;;1.749;1.489;;;;1.669;;;;1.809;;;;BURGOS;dm;REPSOL;P;0,0;0,0;6026;1512;09;08
09390;CARRETERA MADRID-IRUN  EN  VILLALMANZO KM. 203,8;L-V: 09:00-14:00 y 16:00-19:00;42.043611;VILLALMANZO;-3,750306;I;Villalmanzo;0.59;;;;;;;;;;1.607;;;;;1.519;;;;;;;;BURGOS;dm;COOP. ARLANZA;P;0,0;0,0;9306;1512;09;08
09390;CARRETERA A-1, MADRID-BURGOS KM. 203,000;L-D: 24H;42.041028;VILLALMANZO;-3,751667;D;Villalmanzo;0.979;;;;;;1.799;;;;1.749;1.489;;;;1.669;;;;1.809;;;;BURGOS;dm;REPSOL;P;0,0;0,0;6025;1512;09;08
09130;LOGROÑO-VIGO km 134,5;L-D: 07:00-22:00;42.379861;VILLANUEVA DE ARGAÑO;-3,928167;D;Villanueva de Argaño;0.699;;;;;;;;;;1.529;1.23;1.549;;;1.489;;;;1.55;;;;BURGOS;dm;E.S.SAIZ;P;0,0;0,0;4750;1519;09;08
09226;CARRETERA N-620A KM. 32,3;L-D: 24H;42.219944;VILLANUEVA DE LAS CARRETAS;-3,999139;D;Villaquirán de los Infantes;0.819;;;;;;;;;;1.659;1.429;1.739;;;1.579;;;;1.679;;;;BURGOS;dm;CEPSA;P;0,0;0,0;5024;1524;09;08
09550;C-629 (POLÍGONO LAS MERINDADES) km 62KMS;L: 07:00-23:00;42.920389;VILLARCAYO;-3,581222;N;Villarcayo de Merindad de Castilla la Vieja;;;;;;;;;;;1.469;1.319;;;;1.479;;;;;;;;BURGOS;dm;AVIA;P;0,0;0,0;4737;1525;09;08
09556;CALLE CALLE SAN ROQUE (CARRETERA BURGOS-VILLARCAYO), 13;L-D: 07:30-23:00;42.940389;VILLARCAYO;-3,570556;I;Villarcayo de Merindad de Castilla la Vieja;;;;;;;;;;;1.463;1.119;;;;1.399;;;;;;;;BURGOS;dm;E.S. RIVERA;P;0,0;0,0;4934;1525;09;08
09226;AUTOVIA A-62 KM. 34;L-D: 07:30-22:00;42.189111;VILLAZOPEQUE;-4,036889;N;Villazopeque;;;;;;;;;;;1.659;;1.759;;;1.599;;;;1.709;;;;BURGOS;dm;BP;P;0,0;0,0;5039;1533;09;08
24761;CARRETERA LA BAÑEZA KM. 35;L-D: 08:00-23:00;42.135111;ALIJA DEL INFANTADO;-5,832583;D;Alija del Infantado;;;;;;;;;;;1.699;;1.769;;;1.589;;;;;;;;LEÓN;dm;ALIJA ENERGIA;P;0,0;0,0;4733;3595;24;08
24796;CARRETERA LE-412 KM. 3,850;L-D: 24H;42.155861;GRAJAL DE RIBERA;-5,646722;D;Antigua (La);0.95;;;;;;;;;;1.701;;1.789;;;1.599;;;;1.699;;;;LEÓN;dm;BEROIL;P;0,0;0,0;11488;3597;24;08
24232;CARRETERA N-630 KM. 161,500;"L-V: 08:00-22:00; S: 08:00-15:00; D: 15:00-22:00";42.462444;ARDON;-5,579694;I;Ardón;;;;;;;;;;;1.619;1.349;1.649;;;1.529;;;;1.619;;;;LEÓN;dm;CAMPSA;P;0,0;0,0;5071;3598;24;08
24700;AUTOVIA A-6 KM. 326;L-D: 07:30-21:30;42.444917;ASTORGA;-6,079889;I;Astorga;;;;;;;;;;;1.665;;1.745;;;1.553;;;;1.652;;;;LEÓN;dm;CEPSA;P;0,0;0,0;5081;3600;24;08
24700;CR N-6, 325;L-D: 07:00-23:00;42.459917;ASTORGA;-6,064389;D;Astorga;;;;;;;1.765;;;;1.655;1.34;;;;1.579;1.649;;;1.689;;;;LEÓN;OM;REPSOL;P;0,0;0,0;5540;3600;24;08
24700;AVENIDA MADRID - CORUÑA, 394;L-D: 24H;42.465361;ASTORGA;-6,074111;D;Astorga;;;;;;;;;;;1.599;;;;;1.499;;;;;;;;LEÓN;dm;PETROAS;P;0,0;0,0;13163;3600;24;08
24750;CARRETERA ALIJA KM. 1,400;L-D: 24H;42.289694;BAÑEZA (LA);-5,894417;I;Bañeza (La);0.799;;;;;;;;;;1.669;;;;;1.599;;;;;;;;LEÓN;dm;AVIA;P;0,0;0,0;9044;3602;24;08
24750;CARRETERA N-VI KM. 302,6;L-D: 24H;42.304444;BAÑEZA (LA);-5,898028;I;Bañeza (La);;;;;;;;;;;1.719;1.5;1.799;;;1.619;;;;1.709;;;;LEÓN;dm;CEPSA;P;0,0;0,0;6070;3602;24;08
24750;AUTOVIA A6 KM. 303;L-D: 24H;42.287833;BAÑEZA (LA);-5,914278;D;Bañeza (La);;;;;;;;;;;1.709;;1.839;;;1.589;;;;;;;;LEÓN;dm;CEPSA;P;0,0;0,0;13027;3602;24;08
24750;AVENIDA PORTUGAL, 46;L-D: 07:00-22:00;42.292389;BAÑEZA (LA);-5,911417;N;Bañeza (La);;;;;;;;;;0.889;1.669;;1.799;;;1.599;;;;1.699;;;;LEÓN;dm;GALP;P;0,0;0,0;5539;3602;24;08
24750;CALLE CAMINO ARROTE, SN;L-D: 24H;42.298083;BAÑEZA (LA);-5,889222;N;Bañeza (La);0.8;;;;;;;;;;1.569;;;;;;;;;;;;;LEÓN;dm;SDAD COOPERATIVA DE TRANSPORTES BAÑEZANA ;P;0,0;0,0;15408;3602;24;08
24750;CARRETERA MADRID KM. 64;L-D: 24H;42.304083;BAÑEZA (LA);-5,894778;D;Bañeza (La);;;;;;;;;;;1.599;;;;;1.479;;;;;;;;LEÓN;dm;PLENERGY;P;0,0;0,0;15694;3602;24;08
24750;CARRETERA N-VI KM. 303;L-D: 24H;42.305722;BAÑEZA (LA);-5,903250;N;Bañeza (La);;;;;;;;;;;1.589;;;;;1.499;;;;1.629;;;;LEÓN;dm;EROSKI;P;0,0;0,0;13608;3602;24;08
24300;ANTIGUA NACIONAL VI KM 368;"L-X: 08:00-15:00; V: 08:00-15:00; S: 09:00-14:00";42.608861;BEMBIBRE;-6,401389;D;Bembibre;;;;;;;;;;;1.615;;1.715;;;1.519;;;;1.679;;;;LEÓN;OM;REPSOL;P;0,0;0,0;5995;3605;24;08
24300;PARQUE INDUSTRIAL PARCELA H km ...;L-D: 00:00-00:01;42.618;BEMBIBRE;-6,463417;N;Bembibre;;;;;;;;;;;1.909;;2.1;;;1.899;;;;1.999;;;;LEÓN;dm;(SIN RÓTULO);P;0,0;0,0;4734;3605;24;08
24300;CALLE LOS JUNCOS, S/N;L-D: 07:00-23:00;42.619167;BEMBIBRE;-6,414611;D;Bembibre;;;;;;;;;;;1.659;;1.719;;;1.579;;;;1.679;;;;LEÓN;dm;DST;P;0,0;0,0;11352;3605;24;08
24318;POLIGONO POLIGONO INDUST. PIBASA  EN  BEMBIBRE, SN;"L-V: 07:00-21:00; S: 09:00-14:00; D: 16:00-21:00";42.623778;SAN ROMAN DE BEMBIBRE;-6,452250;D;Bembibre;0.99;;;;;;1.895;;;;1.679;;;;;1.599;;;;1.789;;;;LEÓN;dm;REPSOL;P;0,0;0,0;14571;3605;24;08
24850;AVENIDA MADRID, 28;L-D: 07:00-23:00;42.859028;BOÑAR;-5,324444;I;Boñar;;;;;;;;;;;1.639;;1.689;;;1.539;1.589;;;1.699;;;;LEÓN;OM;REPSOL;P;0,0;0,0;11012;3612;24;08
24715;CARRETERA CTRA. N-VI KM. 335;L-D: 24H;42.517306;COMBARROS;-6,125972;D;Brazuelo;1.345;;;;;;1.759;;;;1.679;;;;;1.589;;;;1.719;;;;LEÓN;dm;REPSOL;P;0,0;0,0;6014;3614;24;08
24343;CARRETERA LAS GRAÑERAS KM. S/N;L-D: 24H;42.418944;BURGO RANERO (EL);-5,215694;D;Burgo Ranero (El);0.799;;;;;;;;;;1.679;;;;;1.559;;;;1.669;;;;LEÓN;dm;AVIA;P;0,0;0,0;9041;3615;24;08
24224;POLIGONO PARCELAS 88 Y 89, S/N;L-D: 24H;42.395944;CABREROS DEL RIO;-5,512083;N;Cabreros del Río;0.73;;;;;;;;;;1.485;1.159;;;;1.382;;;;;;;;LEÓN;dm;AN ENERGÉTICOS UCOGAL;P;0,0;0,0;11318;3619;24;08
24540;CR N-6 401;L-D: 08:00-22:00;42.594917;CACABELOS;-6,720333;D;Cacabelos;;;;;;;1.739;;;;1.629;;;;;1.535;;;;;;;;LEÓN;OM;REPSOL;P;0,0;0,0;6037;3621;24;08
24225;CARRETERA A231 KM. 8;L-D: 07:00-23:00;42.454889;CAMPO DE VILLAVIDEL;-5,520889;D;Campo de Villavidel;;;;;;;;;;;1.655;;1.695;;;1.545;;;;1.685;;;;LEÓN;OM;REPSOL;P;0,0;0,0;6062;3624;24;08
24410;AUTOVIA A-6 KM. 396,7;L-D: 07:00-22:00;42.58525;CAMPONARAYA;-6,675389;D;Camponaraya;;;;;;;;;;;1.625;;1.725;;;1.529;;;;;;;;LEÓN;OM;PETRONOR;P;0,0;0,0;5063;3625;24;08
24410;AUTOVIA A6 KM. 394;L-D: 24H;42.587944;CAMPONARAYA;-6,675806;D;Camponaraya;;;;;;;;;;;1.689;;1.789;;;1.599;;;;1.749;;;;LEÓN;dm;CEPSA;P;0,0;0,0;14561;3625;24;08
24410;POLIGONO POLIGONO INDUSTRIAL DE CAMPONARAYA, S/N;"L-S: 06:00-23:00; D: 00:08-23:00";42.566694;CAMPONARAYA;-6,657917;D;Camponaraya;;;;;;;1.739;;;;1.629;;;;;1.529;;;;1.689;;;;LEÓN;OM;REPSOL;P;0,0;0,0;5050;3625;24;08
24270;CARRETERA LA BAÑEZA- LA MAGDALENA KM. 37;L: 07:30-21:00;42.604278;VILLANUEVA DE CARRIZO;-5,808528;I;Carrizo;;;;;;;;;;;1.63;;;;;1.53;;;;1.67;;;;LEÓN;dm;CARBUCRIAL;P;0,0;0,0;11141;3629;24;08
24123;CARRETERA CYL 626 KM. 80;L: 07:00-23:00;42.784111;CARROCERA;-5,787083;I;Carrocera;;;;;;;;;;;1.668;1.398;1.728;;;1.568;;;;1.678;;;;LEÓN;dm;E.S.CARGOSA;P;0,0;0,0;4948;3630;24;08
24441;CARRETERA NACIONAL 120 KM. 435,2;L-D: 24H;42.504472;BAROSA (LA);-6,824944;D;Carucedo;;;;;;;;;;;1.649;;;;;1.539;;;;;;;;LEÓN;dm;GASOLEOS CERECEDO;P;0,0;0,0;10717;3631;24;08
24734;CARRETERA LEON 125 KM. 22,500;"L-S: 07:00-22:00; D: 06:00-22:00";42.198361;NOGAREJAS;-6,109278;D;Castrocontrigo;;;;;;;;;;;1.669;;1.799;;;1.599;;;;1.699;;;;LEÓN;dm;GALP;P;0,0;0,0;11343;3636;24;08
24800;AVENIDA CONSTITUCION, 177;L-D: 07:00-23:00;42.809972;CISTIERNA;-5,130639;D;Cistierna;;;;;;;;;;;1.639;;1.689;;;1.539;;;;1.699;;;;LEÓN;OM;REPSOL;P;0,0;0,0;5519;3645;24;08
24950;PEDRO FERNANDEZ VALLADARES S/N;L-D: 00:00-00:01;42.761139;VIDANES;-5,137889;I;Cistierna;0.899;;;;;;;;;;1.569;;;;;1.469;;;;;;;;LEÓN;dm;FAST FUEL;P;0,0;0,0;10062;3645;24;08
24398;AUTOVIA A-6 KM. 374,8;L-D: 06:00-23:00;42.597833;ALMAZCARA;-6,504278;I;Congosto;0.99;;;;;;;;;1.119;1.699;;1.759;;;1.599;1.659;;;;;;;LEÓN;dm;MOEVE;P;0,0;0,0;4992;3646;24;08
24492;CARRETERA COMARCAL 631 KM. 8;"L-V: 07:00-22:00; S: 07:00-15:00";42.615778;CUBILLOS DEL SIL;-6,589972;I;Cubillos del Sil;;;;;;;;;;;1.619;;1.719;;;1.539;;;;;;;;LEÓN;OM;REPSOL;P;0,0;0,0;5977;3653;24;08
24420;AVENIDA BIERZO, 65;L-D: 07:00-23:00;42.7625;FABERO;-6,631611;D;Fabero;;;;;;;;;;;1.645;;1.745;;;1.519;;;;1.679;;;;LEÓN;OM;REPSOL;P;0,0;0,0;5516;3658;24;08
24223;CARRETERA LE512 KM. 21,000;L-D: 07:00-23:00;42.345972;FRESNO DE LA VEGA;-5,518750;I;Fresno de la Vega;;;;;;;;;;;1.68;;;;;1.582;;;;;;;;LEÓN;dm;PRIO;P;0,0;0,0;11049;3660;24;08
24286;CARRETERA NACIONAL 120 KM. 335;L: 06:00-22:00;42.458556;HOSPITAL DE ORBIGO;-5,882444;I;Hospital de Órbigo;;;;;;;;;;;1.667;1.353;1.709;;;1.553;1.613;;;1.633;;;;LEÓN;dm;CEPSA;P;0,0;0,0;4993;3668;24;08
24286;CARRETERA N-120 KM. 334,000;L-D: 24H;42.462389;PUENTE DE ORBIGO;-5,869194;I;Hospital de Órbigo;0.9;;;;;;;;;;1.559;;1.679;;;1.499;;;;;;;;LEÓN;dm;AREA DE SERVICIO URAL;P;0,0;0,0;12850;3668;24;08
24234;CARRETERA CTRA L411 PKM 11,2 KM. 11;"L-V: 08:00-20:30; S: 09:00-20:00; D: 10:00-14:00";42.235;LAGUNA DE NEGRILLOS;-5,665556;D;Laguna de Negrillos;;;;;;;;;;;1.629;;1.729;;;1.529;;;;;;;;LEÓN;OM;REPSOL;P;0,0;0,0;6034;3673;24;08
24003;AVENIDA ANTIBIOTICOS, S/N;L-D: 07:00-23:00;42.577972;LEON;-5,583944;D;León;;;;;;;;;;;1.619;;1.669;;;1.479;;;;1.619;;;;LEÓN;OM;GALP;P;0,0;0,0;5538;3674;24;08
24001;CL CRUZ ROJA DE LEON, S.N.;L-D: 24H;42.604667;LEON;-5,579194;D;León;;;;;;;;;;1.089;1.659;;1.699;;;1.555;;;;1.655;;;;LEÓN;OM;REPSOL;P;0,0;0,0;6057;3674;24;08
24004;PLAZA SAN FRANCISCO, S/N;"L-V: 07:00-21:30; S: 10:00-15:00 y 18:00-21:00";42.594222;LEON;-5,570389;D;León;;;;;;;;;;;1.675;;1.708;;;1.559;;;;;;;;LEÓN;dm;CEPSA;P;0,0;0,0;5523;3674;24;08
24008;CARRETERA CARBAJAL 85 KM. 1,3;L-D: 06:00-00:00;42.631861;LEON;-5,599417;N;León;;;;;;;;;;1.059;1.669;;1.759;;;1.569;;;;1.719;;;;LEÓN;dm;CEPSA;P;0,0;0,0;14577;3674;24;08
24007;AVENIDA JOSE MARIA GONZALEZ SUAREZ, S/N;L-D: 07:00-23:00;42.603028;LEON;-5,558028;D;León;;;;;;;;;;1.095;1.659;;1.699;;;1.545;;;;1.645;;;;LEÓN;OM;REPSOL;P;0,0;0,0;12967;3674;24;08
24007;CALLE LA SERNA, 86;L-D: 24H;42.60825;LEON;-5,556528;D;León;;;;;;;;;;1.073;1.649;;1.739;;;1.553;;;;1.633;;;;LEÓN;OM;MOEVE;P;0,0;0,0;9670;3674;24;08
24005;SECTOR LA LASTRA, PARCELA E-2-Q - CENTRO COMERCIAL LA LASTRA, S/N;L-D: 24H;42.580361;LEON;-5,566556;N;León;;;;;;;;;;;1.549;;1.569;;;1.419;;;;;;;;LEÓN;OM;BALLENOIL;P;0,0;0,0;16009;3674;24;08
24005;AVENIDA ALCALDE MIGUEL CASTAÑO, 125;L-D: 24H;42.583833;LEON;-5,557083;D;León;;;;;;;;;;;1.549;;1.569;;;1.419;;;;;;;;LEÓN;OM;BALLENOIL;P;0,0;0,0;14758;3674;24;08
24005;AVENIDA ALCALDE MIGUEL CASTAÑO, 119;L-D: 24H;42.584417;LEON;-5,557667;I;León;;;;;;;;;;;1.549;;;;;1.419;;;;;;;;LEÓN;dm;PETROPRIX;P;0,0;0,0;14440;3674;24;08
24005;AVENIDA ALCALDE MIGUEL CASTAÑO, 98;L-D: 24H;42.585611;LEON;-5,559389;D;León;;;;;;;;;;;1.659;;1.699;;;1.549;1.599;;;1.649;;;;LEÓN;OM;REPSOL;P;0,0;0,0;5541;3674;24;08
24005;CALLE ARRABAL, S/N;L-D: 24H;42.585917;LEON;-5,555667;N;León;;;;;;;;;;;1.639;;1.679;;;1.519;;;;1.639;;;;LEÓN;dm;CARREFOUR;P;0,0;0,0;12826;3674;24;08
24009;AVENIDA PORTUGAL, S/N;L-D: 00:06-22:00;42.585083;LEON;-5,590250;D;León;;;;;;;;;;;1.609;;1.689;;;1.499;;;;1.599;;;;LEÓN;OM;SHELL;P;0,0;0,0;8048;3674;24;08
24009;AVENIDA ANTIBIOTICOS, 41;L-D: 24H;42.585861;LEON;-5,584028;D;León;;;;;;;;;;;1.559;;1.619;;;1.419;;;;;;;;LEÓN;dm;E-LECLERC;P;0,0;0,0;14467;3674;24;08
24009;AVENIDA SAENZ DE MIERA S/N, S/N;"L-V: 07:00-21:00; S: 09:00-15:00 y 18:00-21:00";42.590833;LEON;-5,577389;I;León;;;;;;;;;;;1.639;;1.699;;;1.549;;;;1.709;;;;LEÓN;OM;REPSOL;P;0,0;0,0;4974;3674;24;08
24009;AVENIDA ANTIBIOTICOS, 63;L-D: 24H;42.574361;LEON;-5,582861;D;León;;;;;;;;;;;1.549;;1.569;;;1.419;;;;;;;;LEÓN;OM;BALLENOIL;P;0,0;0,0;14977;3674;24;08
24009;AVENIDA AGUSTINOS, 27;L-D: 24H;42.587833;LEON;-5,601111;I;León;;;;;;;;;;;1.549;;1.569;;;1.419;;;;;;;;LEÓN;OM;BALLENOIL;P;0,0;0,0;8777;3674;24;08
24010;AVENIDA PAIS LEONES, 12;"L-V: 07:00-23:00; S-D: 08:00-00:00";42.614222;LEON;-5,597917;D;León;;;;;;;;;;;1.579;;1.629;;;1.469;;;;1.579;;;;LEÓN;dm;PASO HONROSO;P;0,0;0,0;12005;3674;24;08
24009;CARRETERA N-630 KM. 149;"L-V: 08:00-21:30; S: 08:00-14:00";42.570917;ARMUNIA;-5,582444;I;León;;;;;;;;;;;1.639;;1.689;;;1.539;;;;1.699;;;;LEÓN;OM;REPSOL;P;0,0;0,0;6040;3674;24;08
24009;CARRETERA N-630 KM. 149;L-D: 07:00-22:00;42.572556;ARMUNIA;-5,583278;D;León;;;;;;;;;;;1.639;;1.689;;;1.539;;;;1.699;;;;LEÓN;OM;REPSOL;P;0,0;0,0;6039;3674;24;08
24192;CARRETERA VILECHA-TR KM. S/N;L-D: 24H;42.582222;LEON;-5,573972;N;León;0.849;;;;;;;;;;1.579;;1.629;;;1.469;;;;1.579;;;;LEÓN;dm;PASO HONROSO;P;0,0;0,0;4977;3674;24;08
24191;N-120 km 308;L-D: 07:00-23:00;42.590722;LEON;-5,616000;I;León;;;;;;;;;;;1.649;;1.739;;;1.539;;;;;;;;LEÓN;OM;BP LEON - TROBAJO MI;P;0,0;0,0;6022;3674;24;08
24191;CARRETERA C-623 KM. 3,4;L-D: 07:00-23:00;42.617306;LEON;-5,602306;D;León;;;;;;;;;;;1.649;;1.699;;;1.539;;;;1.649;;;;LEÓN;OM;PETRONOR;P;0,0;0,0;5530;3674;24;08
24210;CR N-601 308;L-D: 07:00-23:00;42.495472;MANSILLA DE LAS MULAS;-5,414389;I;Mansilla de las Mulas;;;;;;;1.759;;;;1.649;1.364;;;;1.549;;;;1.709;;;;LEÓN;OM;REPSOL;P;0,0;0,0;6024;3679;24;08
24217;CARRETERA N-601 KM. 312,4;L-D: 07:00-23:00;42.523611;MANSILLA MAYOR;-5,435583;D;Mansilla Mayor;;;;;;;;;;;1.649;;1.704;;;1.554;;;;1.709;;;;LEÓN;OM;GALP;P;0,0;0,0;5537;3680;24;08
24231;CARRETERA NACIONAL 630 KM. 153,6;L-D: 24H;42.534083;ONZONILLA;-5,584028;D;Onzonilla;0.799;;;;;;;;;;1.649;1.289;;;;1.539;;;;;;;;LEÓN;dm;VALCARCE;P;0,0;0,0;4912;3690;24;08
24231;POLIGONO INDUSTRIAL C/3 G-7B, S/N;L-D: 24H;42.540361;ONZONILLA;-5,575000;D;Onzonilla;0.799;;;;;;;;;;1.519;;;;;1.429;;;;1.619;;;;LEÓN;dm;GASOLEOS ARIAS MARTINEZ, S.L.;P;0,0;0,0;11750;3690;24;08
24231;CARRETERA N-630 KM. 154,500;L-D: 24H;42.526;ONZONILLA;-5,585333;D;Onzonilla;;;;;;;;;;;1.519;;;;;;;;;;;;;LEÓN;dm;PASO HONROSO;P;0,0;0,0;11600;3690;24;08
24470;CARRETERA C-631 KM. 36;L-D: 08:00-20:00;42.807139;PARAMO DEL SIL;-6,524778;D;Páramo del Sil;;;;;;;;;;;1.625;;1.725;;;1.525;;;;;;;;LEÓN;OM;REPSOL;P;0,0;0,0;6032;3695;24;08
24600;CTRA. GIJÓN-SEVILLA km 110,5;L: 07:00-23:00;42.86225;POLA DE GORDON (LA);-5,673722;D;Pola de Gordón (La);;;;;;;;;;;1.699;;;;;1.639;;;;1.799;;;;LEÓN;dm;SERVIGORDON;P;0,0;0,0;4910;3698;24;08
24400;CALLE MONTEARENAS (ANTIGUA N-VI), S/N;L-D: 07:00-23:00;42.550889;PONFERRADA;-6,576194;I;Ponferrada;;;;;;;1.749;;;;1.639;;;;;1.545;;;;1.655;;;;LEÓN;OM;REPSOL;P;0,0;0,0;5061;3699;24;08
24400;AVENIDA GALICIA, 86;"L-S: 07:00-22:00; D: 08:00-22:00";42.560583;PONFERRADA;-6,625694;D;Ponferrada;;;;;;;1.735;;;;1.625;;;;;1.525;;;;1.685;;;;LEÓN;OM;REPSOL;P;0,0;0,0;5988;3699;24;08
24400;POLIGONO AV DE MILAN 1, 8;L-D: 24H;42.554306;PONFERRADA;-6,617694;D;Ponferrada;;;;;;;;;;;1.525;;;;;1.425;;;;;;;;LEÓN;dm;PETROPRIX;P;0,0;0,0;14760;3699;24;08
24400;CALLE AVDA. DE LOS ESCRITORES, SN;L-D: 07:00-23:00;42.549333;PONFERRADA;-6,606694;D;Ponferrada;;;;;;;;;;;1.629;;1.709;;;1.519;1.569;;;1.679;;;;LEÓN;OM;REPSOL;P;0,0;0,0;6056;3699;24;08
24400;AVENIDA ASTURIAS, 137;L-D: 07:00-23:00;42.565278;PONFERRADA;-6,605778;I;Ponferrada;;;;;;;;;;;1.629;;1.729;;;1.519;;;;1.679;;;;LEÓN;OM;REPSOL;P;0,0;0,0;10923;3699;24;08
24400;AVENIDA LIBERTAD, S/N;L-D: 07:00-23:00;42.552333;PONFERRADA;-6,600833;I;Ponferrada;;;;;;;;;;;1.629;;1.709;;;1.519;;;;1.679;;;;LEÓN;OM;REPSOL;P;0,0;0,0;5527;3699;24;08
24400;AVENIDA DE GALICIA, 241;"L-V: 06:30-23:30; S-D: 07:00-23:00";42.565778;PONFERRADA;-6,638222;I;Ponferrada;0.799;;;;;;;;;;1.649;;1.689;;;1.539;;;;;;;;LEÓN;dm;VALCARCE;P;0,0;0,0;10523;3699;24;08
24400;AVENIDA MONTEARENAS  EN  PONFERRADA, S/N;L-D: 07:00-23:00;42.553806;PONFERRADA;-6,569222;D;Ponferrada;0.729;;;;;;;;;;1.649;;1.689;;;1.539;;;;;;;;LEÓN;dm;VALCARCE;P;0,0;0,0;13091;3699;24;08
24400;AVENIDA DE LA CONSTITUCIÓN, 2;L-D: 24H;42.55775;PONFERRADA;-6,602861;N;Ponferrada;;;;;;;;;;;1.599;;1.639;;;1.509;;;;1.669;;;;LEÓN;dm;CARREFOUR;P;0,0;0,0;11495;3699;24;08
24400;NACIONAL VI km 386.200;L: 06:00-23:00;42.56925;PONFERRADA;-6,600222;I;Ponferrada;0.84;;;;;;;;;;1.549;;1.649;;;1.449;;;;1.599;;;;LEÓN;dm;GASOLEOS VILLAGER;P;0,0;0,0;10560;3699;24;08
24400;CALLE BURDEOS  EN  PONFERRADA, 3;L-D: 24H;42.554389;PONFERRADA;-6,613417;D;Ponferrada;0.955;;;;;;;;;;1.539;;1.689;1.445;;;;;1.605;;;;;LEÓN;dm;ZEPXA ECO;P;0,0;0,0;14909;3699;24;08
24400;AVENIDA MOLINASECA  EN  PONFERRADA, 2;L-D: 24H;42.54525;PONFERRADA;-6,582750;D;Ponferrada;;;;;;;;;;;1.645;;1.725;;;1.545;;;;1.665;;;;LEÓN;dm;SHELL;P;0,0;0,0;12856;3699;24;08
24400;AVENIDA DE GALICIA, S/N;L-D: 07:00-23:00;42.555667;PONFERRADA;-6,615861;I;Ponferrada;0.8;;;;;;;;;;1.635;;1.715;;;1.549;;;;1.709;;;;LEÓN;dm;GALP;P;0,0;0,0;5536;3699;24;08
24400;AUTOVIA A-6 KM. 390,3;L-D: 24H;42.583917;PONFERRADA;-6,628056;I;Ponferrada;;;;;;;1.739;;;;1.639;;;;;1.525;;;;1.685;;;;LEÓN;OM;REPSOL;P;0,0;0,0;10878;3699;24;08
24400;CARRETERA A6 KM. 390,3;L-D: 24H;42.584417;PONFERRADA;-6,625778;D;Ponferrada;;;;;;;1.739;;;1.099;1.639;;;;;1.525;;;;1.685;;;;LEÓN;OM;REPSOL;P;0,0;0,0;10877;3699;24;08
24400;AVENIDA GALICIA, 221;L-D: 24H;42.565222;PONFERRADA;-6,636000;D;Ponferrada;;;;;;;;;;;1.525;;;;;1.425;;;;;;;;LEÓN;dm;PLENERGY;P;0,0;0,0;14958;3699;24;08
24400;AVDA. DE LA PLATA, 2 (N-VIA km 383,5);L-D: 07:00-23:00;42.547361;PONFERRADA;-6,605778;D;Ponferrada;;;;;;;;;;;1.649;1.424;1.749;;;1.553;1.641;;;1.653;;;;LEÓN;OM;CEPSA;P;0,0;0,0;4999;3699;24;08
24400;AVENIDA PORTUGAL, SN;L-D: 07:00-23:00;42.540917;PONFERRADA;-6,639750;I;Ponferrada;;;;;;;;;;;1.649;;1.749;;;1.559;1.619;;;;;;;LEÓN;dm;CEPSA;P;0,0;0,0;5000;3699;24;08
24855;CARRETERA GENERAL (BOÑAR-CABAÑAQUINTA km 0,165);L-D: 24H;43.014472;PUEBLA DE LILLO;-5,276528;D;Puebla de Lillo;;;;;;;;;;;1.635;;;;;1.535;;;;;;;;LEÓN;dm;CEDYC;P;0,0;0,0;8197;3705;24;08
24380;CR N-536, 33,3;L: 06:30-22:30;42.417889;PUENTE DE DOMINGO FLOREZ;-6,823944;D;Puente de Domingo Flórez;;;;;;;;;;;1.629;;1.729;;;1.519;;;;1.679;;;;LEÓN;OM;REPSOL;P;0,0;0,0;6043;3706;24;08
24900;CARRETERA N-621 KM. 98;L-D: 09:00-20:00;42.973944;RIAÑO;-4,962250;D;Riaño;;;;;;;;;;;1.649;;1.709;;;;1.572;;;;;;;LEÓN;OM;MOEVE;P;0,0;0,0;5003;3712;24;08
24794;N-VI km 314,1;L-D: 24H;42.384277;RIEGO DE LA VEGA;-5,985685;I;Riego de la Vega;0.84;;;;;;;;;;1.655;;;;;1.55;;;;;;;;LEÓN;dm;COMPOSTRA OIL;P;0,0;0,0;4964;3713;24;08
24126;CARRETERA LE-493 KM. 43;L-D: 08:00-22:00;42.777778;OTERICO;-5,924861;D;Riello;0.7;;;;;;;;;;1.689;;1.749;;;1.589;;;;1.709;;;;LEÓN;dm;CEPSA;P;0,0;0,0;5032;3714;24;08
24275;AT AP-66, 126;L-D: 07:00-23:00;42.691639;RIOSECO DE TAPIA;-5,770944;I;Rioseco de Tapia;;;;;;;;;;;1.665;;1.715;;;1.545;;;;1.655;;;;LEÓN;OM;REPSOL;P;0,0;0,0;5969;3715;24;08
24275;AT AP-66, 126;L-D: 24H;42.690583;RIOSECO DE TAPIA;-5,767500;D;Rioseco de Tapia;;;;;;;;;;;1.675;;1.715;;;1.555;;;;1.655;;;;LEÓN;OM;REPSOL;P;0,0;0,0;5970;3715;24;08
24640;CARRETERA N-630 KM. 121;L-D: 07:00-23:00;42.792139;ROBLA (LA);-5,628194;D;Robla (La);;;;;;;1.759;;;;1.649;;;;;1.585;;;;1.745;;;;LEÓN;OM;REPSOL;P;0,0;0,0;6023;3716;24;08
24790;MUNICIPIO;"L-V: 09:00-13:30 y 16:00-18:30; S: 09:00-13:30";42.218889;VALCABADO DEL PARAMO;-5,801917;N;Roperuelos del Páramo;;;;;;;;;;;;1.09;;;;;;;;;;;;LEÓN;dm;SUTECAL;P;0,0;0,0;9511;3717;24;08
24320;C-611 km 1,1;L-D: 07:30-21:30;42.369111;SAHAGUN;-5,024222;D;Sahagún;;;;;;;;;;;1.665;;1.738;;;1.553;;;;1.623;;;;LEÓN;dm;CEPSA;P;0,0;0,0;5006;3719;24;08
24320;A-231 km 49;L-D: 06:00-23:59;42.380083;SAHAGUN;-5,049028;D;Sahagún;;;;;;;;;;;1.649;;1.749;;;1.553;;;;1.653;;;;LEÓN;OM;MOEVE;P;0,0;0,0;5082;3719;24;08
24320;A-231 km 50;L-D: 06:00-23:59;42.381389;SAHAGUN;-5,049028;I;Sahagún;;;;;;;;;;;1.649;;1.749;;;1.553;;;;1.653;;;;LEÓN;OM;MOEVE;P;0,0;0,0;5514;3719;24;08
24320;CARRETERA MAYORGA KM. 1;L-D: 24H;42.366194;SAHAGUN;-5,034861;D;Sahagún;0.679;;;;;;;;;;1.582;;;;;1.479;;;;;;;;LEÓN;dm;RIALCE, S.L.;P;0,0;0,0;11812;3719;24;08
24191;AZORIN S/N;"L-V: 07:00-23:00; S-D: 08:00-00:00";42.607694;SAN ANDRES DEL RABANEDO;-5,604056;D;San Andrés del Rabanedo;;;;;;;;;;;1.579;;1.629;;;1.469;;;;1.579;;;;LEÓN;dm;PASO HONROSO;P;0,0;0,0;10607;3721;24;08
24191;CARRETERA LE-441 KM. 4,6;L-S: 09:00-14:30 y 16:30-19:00;42.613278;SAN ANDRES DEL RABANEDO;-5,639972;D;San Andrés del Rabanedo;;;;;;;;;;;1.639;;1.709;;;1.535;;;;1.695;;;;LEÓN;OM;REPSOL;P;0,0;0,0;6030;3721;24;08
24191;AVDA. PÁRROCO PABLO DIEZ S/N (C.C. LECLERC);L-D: 24H;42.590167;SAN ANDRES DEL RABANEDO;-5,618333;N;San Andrés del Rabanedo;;;;;;;;;;;1.559;;1.619;;;1.419;;;;;;;;LEÓN;dm;E.LECLERC LEON;P;0,0;0,0;4732;3721;24;08
24010;AVENIDA DEL PÁRROCO PABLO DIEZ, 487;L-D: 24H;42.588972;SAN ANDRES DEL RABANEDO;-5,619306;N;San Andrés del Rabanedo;;;;;;;;;;;1.549;;1.569;;;1.419;1.439;;;;;;;LEÓN;OM;BALLENOIL;P;0,0;0,0;16350;3721;24;08
24010;CARRETERA NN 120 KM. 308;L-D: 07:00-23:00;42.590472;TROBAJO DEL CAMINO;-5,615583;D;San Andrés del Rabanedo;;;;;;;;;;;1.649;;1.739;;;1.539;;;;1.679;;;;LEÓN;OM;BP LEON - TROBAJO MD;P;0,0;0,0;6021;3721;24;08
24010;CARRETERA NACIONAL 120 KM. 309,9;L-D: 07:00-22:00;42.584861;TROBAJO DEL CAMINO;-5,631944;D;San Andrés del Rabanedo;;;;;;;;;;;1.649;;1.699;;;1.545;;;;;;;;LEÓN;OM;REPSOL;P;0,0;0,0;6010;3721;24;08
24010;AVENIDA PARROCO PABLO DIEZ, 462;L-D: 07:00-23:00;42.591222;TROBAJO DEL CAMINO;-5,615167;D;San Andrés del Rabanedo;0.799;;;;;;;;;;1.649;;1.689;;;1.539;;;;;;;;LEÓN;dm;VALCARCE;P;0,0;0,0;12507;3721;24;08
24359;CARRETERA LE-420 KM. 72;L-D: 24H;42.382972;SAN CRISTOBAL DE LA POLANTERA;-5,888556;I;San Cristóbal de la Polantera;0.849;;;;;;;;;;1.569;;;;;1.469;;;;;;;;LEÓN;dm;PASO HONROSO;P;0,0;0,0;5047;3722;24;08
24144; CL  626, ;L-D: 08:00-20:00;42.946917;SAN EMILIANO;-5,997528;I;San Emiliano;;;;;;;;;;;1.659;;1.719;;;1.519;;;;;;;;LEÓN;dm;LISARMINIA;P;0,0;0,0;5542;3723;24;08
24290;AVENIDA LEON 1;"L-S: 07:00-22:00; D: 09:00-22:00";42.360083;MATALLANA DE VALMADRIGAL;-5,329472;D;Santa Cristina de Valmadrigal;;;;;;;;;;;1.619;;1.719;;;1.519;;;;1.679;;;;LEÓN;OM;PETRONOR;P;0,0;0,0;10041;3731;24;08
24795;CALLE EL PARQUE, 9;L-D: 24H;42.375139;SANTIBAÑEZ DE LA ISLA;-5,935528;N;Santa María de la Isla;0.549;;;;;;;;;;1.559;1.139;;;;1.469;;;;;;;;LEÓN;dm;COOPERATIVA SAN BLAS;P;0,0;0,0;12400;3733;24;08
24240;CARRETERA MAYORGA ASTORGA KM. 46;L-D: 06:45-22:45;42.352028;SANTA MARIA DEL PARAMO;-5,739417;D;Santa María del Páramo;;;;;;;1.745;;;;1.635;1.344;;;;1.525;;;;1.645;;;;LEÓN;OM;REPSOL;P;0,0;0,0;6027;3736;24;08
24391;C-622   LEÓN-PORTUGAL km 2,6;L-D: 07:00-23:00;42.533611;SANTOVENIA DE LA VALDONCINA;-5,592944;D;Santovenia de la Valdoncina;1.049;;;;;;;;;;1.669;;1.739;;;1.569;;;;1.689;;;;LEÓN;dm;REPSOL;P;0,0;0,0;4758;3740;24;08
24121;C-623 km 8,5;L-D: 08:00-22:00;42.660667;SARIEGOS DEL BERNESGA;-5,623778;D;Sariegos;;;;;;;;;;;1.588;;;;;1.416;;;;1.665;;;;LEÓN;dm;JOVINO ESTHER E HIJOS S.L.;P;0,0;0,0;4745;3741;24;08
24121;CARRERA CABOALLES, 6;L-D: 08:00-22:00;42.660389;SARIEGOS DEL BERNESGA;-5,624444;I;Sariegos;;;;;;;;;;;1.588;;;;;1.416;;;;1.665;;;;LEÓN;dm;JOVINO ESTHER E HIJOS S.L.;P;0,0;0,0;4929;3741;24;08
24146;AUTOPISTA A-66 KM. 89;L-D: 24H;42.928972;CALDAS DE LUNA;-5,856583;I;Sena de Luna;;;;;;;;;;1.073;1.649;;1.74;;;1.573;;;;1.653;;;;LEÓN;OM;CEPSA;P;0,0;0,0;5968;3742;24;08
24237;CARRETERA N-630 KM. 186,300;"L-V: 08:00-22:00; S: 08:00-15:00; D: 08:00-22:00";42.241972;TORAL DE LOS GUZMANES;-5,570611;D;Toral de los Guzmanes;0.739;;;;;;;;;;1.639;;1.669;;;1.539;;;;1.629;;;;LEÓN;dm;REPSOL;P;0,0;0,0;6012;3746;24;08
24237;CARRETERA VALENCIA DE DON JUAN KM. SN;"L-V: 09:00-13:30 y 16:00-18:30; S: 09:00-13:30";42.251222;TORAL DE LOS GUZMANES;-5,566194;D;Toral de los Guzmanes;;;;;;;;;;;1.49;1.09;;;;;;;;;;;;LEÓN;dm;SUTECAL;P;0,0;0,0;9509;3746;24;08
24450;CARRETERA CL-631 KM24 KM. 24;L-D: 07:00-22:00;42.705389;TORENO;-6,515639;I;Toreno;;;;;;;;;;;1.669;;1.769;;;1.559;1.659;;;;;;;LEÓN;dm;CEPSA;P;0,0;0,0;5012;3747;24;08
24523;AUTOVIA A-6 KM. 414,5;L-D: 07:00-23:00;42.646333;TRABADELO;-6,876556;D;Trabadelo;;;;;;;1.759;;;;1.659;;;;;1.569;;;;1.709;;;;LEÓN;dm;E.S. TRABADELO;P;0,0;0,0;4936;3749;24;08
24285;CARRETERA LA BAÑEZA-LA MAGDALENA KM. 87,3;L-D: 07:00-23:00;42.512611;GAVILANES;-5,890694;D;Turcia;0.689;;;;;;;;;;1.639;1.499;1.719;;;1.559;;;;;;;;LEÓN;dm;GUAY;P;0,0;0,0;14898;3751;24;08
24284;CARRETERA LE-420 KM. 91,5;"L-V: 07:00-23:00; S-D: 08:00-23:00";42.548556;ARMELLADA;-5,867917;I;Turcia;0.798;;;;;;1.879;;;;1.649;;;;;1.559;;;;1.699;;;;LEÓN;dm;REPSOL;P;0,0;0,0;5044;3751;24;08
24248;CARRETERA C-621 MAYORGA-ASTORGA KM. 50,400;"L-S: 07:00-22:00; D: 08:00-22:00";42.382806;MANSILLA DEL PARAMO;-5,784917;I;Urdiales del Páramo;0.79;;;;;;;;;;1.639;;1.699;;;1.559;1.619;;;;;;;LEÓN;dm;CEPSA;P;0,0;0,0;5042;3752;24;08
24227;CARRETERA N-601 KM. 321;L-V: 07:00-21:00;42.570944;VALDELAFUENTE;-5,520528;D;Valdefresno;;;;;;;;;;;1.649;;1.699;;;1.545;;;;1.705;;;;LEÓN;OM;REPSOL;P;0,0;0,0;5999;3754;24;08
24227;CARRETERA N-601 KM. 321;L-D: 06:15-22:15;42.569722;VALDELAFUENTE;-5,519194;I;Valdefresno;;;;;;;;;;;1.649;;1.699;;;1.545;;;;1.705;;;;LEÓN;OM;REPSOL;P;0,0;0,0;6000;3754;24;08
24920;CARRETERA NACIONAL 625 KM 31.4 (N-625 km 31,4);L-S: 08:00-15:00;42.560028;ALDEA DEL PUENTE (LA);-5,282639;D;Valdepolo;;;;;;;;;;;1.759;1.445;1.785;;;1.629;;;;;;;;LEÓN;dm;PETRONOR;P;0,0;0,0;5067;3759;24;08
24220;CARRETERA BENAVENTE KM. 0,4;L-D: 07:00-22:00;42.076444;VALDERAS;-5,444278;I;Valderas;;;;;;;;;;;1.669;1.499;1.729;;;1.609;;;;;;;;LEÓN;dm;GALP;P;0,0;0,0;5017;3760;24;08
24880;CR LE-232, 26,3;L-D: 08:00-22:00;42.782972;PUENTE ALMUHEY;-4,978667;D;Valderrueda;;;;;;;;;;;1.639;;1.719;;;1.539;;;;1.735;;;;LEÓN;dm;PETRONOR;P;0,0;0,0;6016;3762;24;08
24250;CARRETERA LEÓN - LA BAÑEZA KM. 17;"L-V: 07:00-22:00; S: 08:00-14:00; D: 08:00-22:00";42.436167;FONTECHA;-5,692611;D;Valdevimbre;;;;;;;;;;;1.629;;1.729;;;1.525;;;;;;;;LEÓN;OM;REPSOL;P;0,0;0,0;6029;3764;24;08
24200;AVENIDA PALANQUINOS, 2;L-D: 06:00-00:00;42.296694;VALENCIA DE DON JUAN;-5,515528;D;Valencia de Don Juan;;;;;;;;;;;1.679;1.419;1.729;;;1.599;;;;1.659;;;;LEÓN;dm;SAENZ DE MIERA SL;P;0,0;0,0;6076;3765;24;08
24200;POLIGONO EL TESORO, S/N;"L-V: 08:00-21:30; S: 09:00-20:00";42.282806;VALENCIA DE DON JUAN;-5,496500;D;Valencia de Don Juan;0.73;;;;;;;;;;1.639;;;;;1.569;;;;;;;;LEÓN;dm;E.S. ESLA MÓVIL S.L.;P;0,0;0,0;11103;3765;24;08
24391;AUTOPISTA AP-71 (MRG.IZDO.) KM. 6,8;L-D: 24H;42.540639;VALVERDE DE LA VIRGEN;-5,724889;I;Valverde de la Virgen;;;;;;;;;;;1.649;;1.745;;;1.553;;;;1.653;;;;LEÓN;OM;CEPSA;P;0,0;0,0;6066;3767;24;08
24391;AUTOPISTA AP-71 (MRG.DCHO.) KM. 6,8;L-D: 24H;42.541833;VALVERDE DE LA VIRGEN;-5,725139;D;Valverde de la Virgen;;;;;;;;;;;1.649;;1.745;;;1.553;;;;1.633;;;;LEÓN;OM;CEPSA;P;0,0;0,0;6067;3767;24;08
24430;AVENIDA ANCARES, 27;"L-S: 07:00-23:00; D: 09:00-21:00";42.725944;VEGA DE ESPINAREDA;-6,653417;D;Vega de Espinareda;;;;;;;1.749;;;;1.639;;;;;1.525;;;;;;;;LEÓN;OM;REPSOL;P;0,0;0,0;5045;3770;24;08
24524;A-6, SALIDA 419/420 km 419;L-D: 24H;42.658806;PORTELA DE VALCARCE (LA);-6,914083;I;Vega de Valcarce;0.799;;;;;;;;;;1.649;1.279;;;;1.539;;;;;;;;LEÓN;dm;VALCARCE;P;0,0;0,0;8073;3772;24;08
24524;CARRETERA NACIONAL VI KM. 418;L-D: 07:00-23:00;42.660583;PORTELA DE VALCARCE (LA);-6,921639;N;Vega de Valcarce;;;;;;;;;;;1.635;;1.735;;;1.529;;;;1.689;;;;LEÓN;dm;REPSOL;P;0,0;0,0;8011;3772;24;08
24100;CALLE SIERRA PAMBLEY, 29;L-D: 06:00-22:00;42.939611;VILLABLINO;-6,313667;D;Villablino;;;;;;;;;;;1.669;;1.739;;;1.599;;;;1.699;;;;LEÓN;dm;AVIA;P;0,0;0,0;5985;3776;24;08
24100;CARRETERA CL-631 KM. 58,500;L-D: 07:00-23:00;42.934361;VILLABLINO;-6,324500;I;Villablino;;;;;;;;;;;1.669;;1.739;;;1.599;;;;1.699;;;;LEÓN;dm;SHELL;P;0,0;0,0;11851;3776;24;08
24212;CALLE SAN LORENZO PI-VI  EN  VILLABLINO, 2;L-D: 07:00-23:00;42.944833;VILLAGER DE LACIANA;-6,345222;D;Villablino;1.49;;;;;;;;;;1.599;;1.659;;;1.559;;;;;;;;LEÓN;dm;VILLAGER;P;0,0;0,0;12938;3776;24;08
24392;CALLE UNO CELADILLA, S/N;"L-V: 07:00-22:00; S: 09:00-14:00";42.516917;VILLADANGOS DEL PARAMO;-5,767833;N;Villadangos del Páramo;;;;;;;;;;;1.665;;1.738;;;1.553;;;;1.661;;;;LEÓN;dm;CEPSA;P;0,0;0,0;12063;3778;24;08
24397;CARRETERA N-120 (LEON-ASTORGA) KM. 322,300;L-D: 07:00-22:00;42.525194;VILLADANGOS DEL PARAMO;-5,756778;D;Villadangos del Páramo;0.799;;;;;;;;;;1.639;;1.694;;;1.544;;;;1.699;;;;LEÓN;OM;GALP;P;0,0;0,0;4975;3778;24;08
24560;CARRETERA N-VI KM. 405;L-D: 07:00-23:00;42.570806;TORAL DE LOS VADOS;-6,767972;I;Villadecanes;;;;;;;;;;;1.649;1.419;1.749;;;1.559;1.619;;;;;;;LEÓN;dm;MOEVE;P;0,0;0,0;5021;3779;24;08
24560;N-120 km 429;L-D: 07:00-23:00;42.544639;TORAL DE LOS VADOS;-6,782139;D;Villadecanes;0.799;;;;;;;;;;1.639;;1.689;;;1.559;;;;;;;;LEÓN;dm;VALCARCE;P;0,0;0,0;9111;3779;24;08
24360;AUTOVIA A-6 (MRG.DCHO.) KM. 350;L-D: 08:00-22:00;42.60175;BRAÑUELAS;-6,232000;D;Villagatón;;;;;;;;;;;1.649;;1.746;;;1.553;;;;1.633;;;;LEÓN;dm;MOEVE;P;0,0;0,0;5524;3782;24;08
24360;AUTOVIA A-6 (MRG.IZDO.) KM. 350;L-D: 06:00-23:59;42.599;BRAÑUELAS;-6,233000;I;Villagatón;;;;;;;;;;;1.649;;1.746;;;1.553;;;;1.633;;;;LEÓN;dm;MOEVE;P;0,0;0,0;5521;3782;24;08
24369;CARRETERA N - VI KM. 351;L-D: 24H;42.599222;MANZANAL DEL PUERTO;-6,230444;I;Villagatón;;;;;;;;;;;1.569;;1.569;;;1.489;1.489;;;;;;;LEÓN;dm;EASYGAS;P;0,0;0,0;4937;3782;24;08
24234;CARRETERA N-630 KM. 176,600;L-V: 08:00-15:00;42.322167;VILLAMAÑAN;-5,576833;I;Villamañán;0.699;;;;;;;;;;1.599;1.359;1.629;;;1.529;;;;;;;;LEÓN;dm;REPSOL;P;0,0;0,0;6013;3785;24;08
24234;CARRETERA C-621 KM. 32,78;L-D: 00:00-23:59;42.323778;VILLAMAÑAN;-5,600917;I;Villamañán;;;;;;;;;;;1.649;;1.749;;;1.573;1.623;;;;;;;LEÓN;OM;MOEVE;P;0,0;0,0;12021;3785;24;08
24680;N-630 km 99,5;L-D: 07:00-22:30;42.938111;VILLAMANIN DE LA TERCIA;-5,658611;D;Villamanín;0.7;;;;;;;;;;1.667;;1.739;;;1.553;;;;1.661;;;;LEÓN;dm;CEPSA;P;0,0;0,0;5022;3784;24;08
24225;CALLE ALMIRANTE MARTIN GRANIZO, 53;S: 07:00-15:00;42.45575;PALANQUINOS;-5,497806;D;Villanueva de las Manzanas;;;;;;;;;;;1.64;;;;;1.54;;;;;;;;LEÓN;dm;ES ESLA;P;0,0;0,0;9782;3791;24;08
24225;CARRETERA A231 KM. 8;L-D: 07:00-23:00;42.455528;PALANQUINOS;-5,518139;I;Villanueva de las Manzanas;;;;;;;;;;;1.655;;1.695;;;1.545;;;;1.685;;;;LEÓN;OM;REPSOL;P;0,0;0,0;6061;3791;24;08
24225;AUTOVIA CAMINO DE SANTIAGO KM. 9,5;"L-V: 06:00-00:00; S: 06:00-22:00; D: 06:00-00:00";42.451222;PALANQUINOS;-5,499333;D;Villanueva de las Manzanas;0.799;;;;;;;;;;1.649;;;;;1.539;;;;;;;;LEÓN;dm;VALCARCE;P;0,0;0,0;11480;3791;24;08
24235;CARRETERA VILLAMANDOS KM. SN;"L-V: 09:00-13:30 y 16:00-18:30; S: 09:00-13:30";42.140583;VILLAQUEJIDA;-5,598556;D;Villaquejida;;;;;;;;;;;1.49;1.09;;;;;;;;;;;;LEÓN;dm;TEO;P;0,0;0,0;9505;3794;24;08
24008;CARRETERA LE-311 KM. 3,5;L-D: 07:00-23:00;42.633222;VILLAQUILAMBRE;-5,559667;D;Villaquilambre;;;;;;;;;;;1.599;;1.654;;;1.474;;;;;;;;LEÓN;OM;GALP;P;0,0;0,0;5535;3795;24;08
24007;CALLE CERRADA-VO  EN  VILLAOBISPO-VO-, 2;L-D: 24H;42.618361;VILLAOBISPO DE LAS REGUERAS;-5,552278;D;Villaquilambre;;;;;;;;;;;1.549;;1.569;;;1.419;;;;;;;;LEÓN;OM;BALLENOIL;P;0,0;0,0;14974;3795;24;08
24007;CALLE EL VAGO, 1;L-D: 24H;42.602222;VILLAOBISPO DE LAS REGUERAS;-5,550278;N;Villaquilambre;0.799;;;;;;;;;;1.649;;1.689;;;1.539;;;;1.639;;;;LEÓN;dm;VALCARCE;P;0,0;0,0;14710;3795;24;08
24007;CARRETERA SANTANDER KM. 4,02;L-D: 07:00-23:00;42.622167;VILLAOBISPO DE LAS REGUERAS;-5,549667;D;Villaquilambre;;;;;;;1.759;;;;1.649;;;;;1.535;;;;1.695;;;;LEÓN;OM;REPSOL;P;0,0;0,0;6055;3795;24;08
24193;CARRETERA N-621 KM. 5;L-S: 08:00-14:30;42.626417;VILLAQUILAMBRE;-5,548000;I;Villaquilambre;;;;;;;;;;;1.649;;1.749;;;1.535;;;;1.695;;;;LEÓN;OM;REPSOL;P;0,0;0,0;5547;3795;24;08
24193;CARRETERA LE-311 KM. 7;L-D: 24H;42.673083;VILLAQUILAMBRE;-5,542083;I;Villaquilambre;0.6;;;;;;;;;;1.479;;;;;1.399;;;;;;;;LEÓN;dm;BEROIL;P;0,0;0,0;5035;3795;24;08
24193;AVDA.DE LA LIBERTAD, 40;L-D: 06:00-00:00;42.622389;NAVATEJERA;-5,563778;D;Villaquilambre;;;;;;;;;;;1.599;;1.679;;;1.515;;;;1.615;;;;LEÓN;OM;SHELL;P;0,0;0,0;8068;3795;24;08
24193;POLIGONO LA HUERGA, 17;L-V: 08:00-13:30 y 15:30-19:00;42.64475;NAVATEJERA;-5,586250;D;Villaquilambre;0.999;;;;;;;;;;1.659;1.399;1.719;;;1.569;;;;;;;;LEÓN;dm;REPSOL;P;0,0;0,0;11891;3795;24;08
24193;CARRETERA N-630 KM. 140;L-D: 06:00-00:00;42.636833;NAVATEJERA;-5,589778;I;Villaquilambre;;;;;;;;;;;1.549;;;;;1.409;;;;1.519;;;;LEÓN;dm;ALTO LEON;P;0,0;0,0;4950;3795;24;08
24288;CARRETERA NACIONAL 120 KM. 342;L: 06:00-22:00;42.447667;ESTEBANEZ DE LA CALZADA;-5,965917;D;Villarejo de Órbigo;;;;;;;1.759;;;;1.649;;;;;1.579;;;;1.739;;;;LEÓN;OM;REPSOL;P;0,0;0,0;5064;3796;24;08
24350;DELICIAS 3;L-D: 24H;42.428889;VEGUELLINA DE ORBIGO;-5,886778;D;Villarejo de Órbigo;;;;;;;;;;;1.549;;;;;1.529;;;;;;;;LEÓN;dm;AGROCANTABRIA LAR;P;0,0;0,0;10922;3796;24;08
24226;CARRETERA GENERAL ADANERO -GIJON N-601 KM. 316;L-D: 07:00-23:00;42.547667;TOLDANOS;-5,462361;D;Villaturiel;;;;;;;;;;;1.649;;1.699;;;1.549;;;;1.709;;;;LEÓN;OM;REPSOL;P;0,0;0,0;11013;3800;24;08
24199;CALLE CAÑADA REAL-MR  EN  MARIALBA-MR, 107;L-D: 24H;42.553861;CASTRILLO DE LA RIBERA;-5,549611;D;Villaturiel;0.97;;;;;;;;;;1.557;;1.597;;;1.417;;;;;;;;LEÓN;dm;DISTROL;P;0,0;0,0;14224;3800;24;08
34800;CALLE POLIGONO AGUILAR II, 42;D: 07:00-23:00;42.788583;AGUILAR DE CAMPOO;-4,246889;D;Aguilar de Campoo;1.0;;;;;;;;;;1.717;;1.796;;;1.573;;;;;;;;PALENCIA;dm;CEPSA;P;0,0;0,0;13904;5044;34;08
34800;AVENIDA GENERALISIMO, 111;L-D: 07:00-23:00;42.793639;AGUILAR DE CAMPOO;-4,255306;D;Aguilar de Campoo;;;;;;;1.819;;;;1.719;;;;;1.589;;;;1.719;;;;PALENCIA;OM;REPSOL;P;0,0;0,0;6359;5044;34;08
34800;AVENIDA RONDA, 11;L: 08:00-22:00;42.793278;AGUILAR DE CAMPOO;-4,265556;D;Aguilar de Campoo;;;;;;;;;;;1.699;;1.799;;;1.579;;;;;;;;PALENCIA;OM;REPSOL;P;0,0;0,0;6240;5044;34;08
34800;AUTOVIA A-67 KM. 116,600;L-D: 24H;42.86725;AGUILAR DE CAMPOO;-4,154528;I;Aguilar de Campoo;;;;;;;1.819;;;;1.709;1.35;;;;1.579;;;;1.739;;;;PALENCIA;OM;REPSOL;P;0,0;0,0;13376;5044;34;08
34810;POLIGONO AGUILAR DE CAMPOO, 121;L-D: 00:00-23:59;42.780722;AGUILAR DE CAMPOO;-4,249722;D;Aguilar de Campoo;0.6;;;;;;;;;;1.539;;;;;1.499;;;;;;;;PALENCIA;dm;BEROIL;P;0,0;0,0;10167;5044;34;08
34480;CARRETERA PALENCIA-SANTANDER KM. 90;L-D: 07:00-22:00;42.665861;ALAR DEL REY;-4,315250;D;Alar del Rey;;;;;;;;;;;1.669;;1.769;;;1.559;;;;1.649;;;;PALENCIA;OM;MOEVE;P;0,0;0,0;6391;5045;34;08
34815;AUTOVIA A-67, SALIDA KM. 94;L: 07:00-23:00;42.718306;BECERRIL DEL CARPIO;-4,291778;N;Alar del Rey;0.75;;;;;;;;;;1.499;;1.509;;;1.459;;;;;;;;PALENCIA;dm;PUERTA DE LA MONTAÑA ;P;0,0;0,0;11020;5045;34;08
34420;CAMINO POLÍGONO 518 PARCELA 5010 LOS PALOMARES, ;L-V: 09:00-19:00;42.169361;AMUSCO;-4,472389;N;Amusco;;;;;;;;;;;;1.09;;;;;;;;;;;;PALENCIA;dm;AGROPAL;P;0,0;0,0;9787;5049;34;08
34450;CARRETERA PALENCIA KM. 28,8;"L-V: 08:00-21:00; S: 09:00-14:00";42.191833;ASTUDILLO;-4,287056;D;Astudillo;;;;;;;;;;;1.679;;;;;1.539;;;;;;;;PALENCIA;dm;LA MOTA - BIESA;P;0,0;0,0;4917;5052;34;08
34240;CARRETERA CR VALDECAÑAS 8 KM. ;L-V: 09:00-19:00;41.94375;BALTANAS;-4,243333;D;Baltanás;;;;;;;;;;;;1.09;;;;;;;;;;;;PALENCIA;dm;AGROPAL;P;0,0;0,0;9785;5056;34;08
34240;CR C-619, 64;L-V: 07:00-22:00;41.940083;BALTANAS;-4,256528;I;Baltanás;;;;;;;;;;;1.675;;1.775;;;1.539;;;;1.699;;;;PALENCIA;OM;REPSOL;P;0,0;0,0;6376;5056;34;08
34820;AGUILAR-BARRUELO km 13,3;"L-V: 08:00-21:00; S-D: 09:00-14:30 y 16:30-21:00";42.894639;BARRUELO DE SANTULLAN;-4,287667;N;Barruelo de Santullán;;;;;;;;;;;1.649;1.219;;;;1.559;;;;;;;;PALENCIA;dm;LOS LINARES;P;0,0;0,0;4953;5059;34;08
34470;AVENIDA DEL CARMEN 25, 25;L-V: 08:30-14:30;42.636333;BUENAVISTA DE VALDAVIA;-4,613417;D;Buenavista de Valdavia;0.95;;;;;;;;;;1.738;;;;;1.588;;;;;;;;PALENCIA;dm;ESTACION DE SERVICIO TOMAS TRECEÑO;P;0,0;0,0;16096;5068;34;08
34120;AVENIDA MANUELA RIZO, S/N;L-D: 24H;42.331;CARRION DE LOS CONDES;-4,603222;D;Carrión de los Condes;0.735;;;;;;;;;;1.519;1.199;;;;1.429;;;;;;;;PALENCIA;dm;AN ENERGETICOS - CAR CARRION;P;0,0;0,0;13410;5075;34;08
34120;N-120A (LOGROÑO -VIGO) km 197,5;L-D: 08:00-22:00;42.341167;CARRION DE LOS CONDES;-4,616639;D;Carrión de los Condes;;;;;;;;;;;1.679;1.449;1.759;;;1.549;;;;1.689;;;;PALENCIA;dm;RÍO NUBIS;P;0,0;0,0;4740;5075;34;08
34246;CARRETERA P-140 KM. 5;L-V: 09:00-13:30 y 16:00-19:00;41.786306;CASTRILLO DE DON JUAN;-4,075917;D;Castrillo de Don Juan;;;;;;;;;;;;1.09;;;;;;;;;;;;PALENCIA;dm;AGROPAL;P;0,0;0,0;16212;5078;34;08
34840;CARRETERA C-627 (BURGOS-POTES) KM. 107,7;L-D: 07:00-23:00;42.862389;CERVERA DE PISUERGA;-4,499194;D;Cervera de Pisuerga;1.2;;;;;;;;;;1.688;;1.748;;;1.578;;;;1.678;;;;PALENCIA;dm;J.L.SARDINA S.L.;P;0,0;0,0;4742;5083;34;08
34218;CARRETERA CEVICO-HERMEDES, 1 KM. 1;L-D: 24H;41.848444;CEVICO DE LA TORRE;-4,402972;I;Cevico de la Torre;;;;;;;;;;;1.44;;;;;1.39;;;;;;;;PALENCIA;dm;AGROPAL;P;0,0;0,0;6394;5084;34;08
34210;CARRETERA N-620 KM. 88,9;L-D: 24H;41.911889;DUEÑAS;-4,512583;I;Dueñas;;;;;;;1.809;;;1.095;1.699;;;;;1.595;;;;1.745;;;;PALENCIA;OM;REPSOL;P;0,0;0,0;6295;5094;34;08
34210;AVENIDA AV VALORIA 1, ;L-V: 09:00-19:00;41.871861;DUEÑAS;-4,539417;I;Dueñas;;;;;;;;;;;;1.09;;;;;;;;;;;;PALENCIA;dm;AGROPAL;P;0,0;0,0;9794;5094;34;08
34210;AUTOVIA A-62 KM. 88,850;L-D: 07:00-23:00;41.913361;DUEÑAS;-4,510639;D;Dueñas;;;;;;;;;;;1.705;;1.745;;;1.585;;;;1.745;;;;PALENCIA;OM;REPSOL;P;0,0;0,0;6294;5094;34;08
34210;CR A-62, 98,9;L-D: 05:00-23:00;41.835389;DUEÑAS;-4,564028;D;Dueñas;;;;;;;1.815;;;;1.705;;;;;1.585;;;;1.745;;;;PALENCIA;OM;REPSOL;P;0,0;0,0;6202;5094;34;08
34889;CARRETERA CR C-615 KM. 83,1;L-D: 07:00-22:00;42.686139;FRESNO DEL RIO;-4,804833;I;Fresno del Río;;;;;;;;;;;1.665;;1.755;;;1.545;;;;1.705;;;;PALENCIA;OM;REPSOL;P;0,0;0,0;6371;5098;34;08
34440;AVENIDA INGENIERO RIVERA, 0;"L-S: 07:00-22:00; D: 08:00-22:00";42.264278;FROMISTA;-4,406917;D;Frómista;;;;;;;;;;;1.695;1.334;1.745;;;1.559;;;;;;;;PALENCIA;OM;REPSOL;P;0,0;0,0;6314;5099;34;08
34337;CARRETERA CRTA.MAZARIEGOS KM.8,2 KM. 8,2;L-S: 7:30-22:00;42.080417;FUENTES DE NAVA;-4,778028;D;Fuentes de Nava;;;;;;;;;;;1.729;1.3;;;;1.589;;;;;;;;PALENCIA;dm;S.E. SAN AGUSTIN S.L.;P;0,0;0,0;4909;5100;34;08
34192;CARRETERA C-615 PALENCIA-GUARDO KM. 2,400;"L-V: 06:30-22:30; S-D: 07:30-22:30";42.054389;GRIJOTA;-4,559556;D;Grijota;0.988;;;;;;;;;;1.719;;1.779;;;1.589;;;;1.759;;;;PALENCIA;dm;CEPSA;P;0,0;0,0;6203;5102;34;08
34880;CR C-615, 96,4;L-D: 07:00-22:00;42.798639;GUARDO;-4,848389;I;Guardo;;;;;;;;;;;1.659;;1.759;;;1.499;;;;1.679;;;;PALENCIA;dm;AVIA;P;0,0;0,0;6306;5103;34;08
34880;POLIGONO CAMPONDON, 71;"L-V: 09:00-20:00; S: 09:00-15:00";42.776194;GUARDO;-4,868444;N;Guardo;0.9;;;;;;;;;;1.549;;;;;1.425;;;;;;;;PALENCIA;dm;COBASGUAR ;P;0,0;0,0;11629;5103;34;08
34400;CARRETERA N- 611 KM. 80,6;"L-S: 07:00-22:00; D: 08:00-22:00";42.5875;HERRERA DE PISUERGA;-4,327778;I;Herrera de Pisuerga;;;;;;;;;;;1.709;;1.769;;;1.565;;;;1.725;;;;PALENCIA;OM;REPSOL;P;0,0;0,0;6319;5106;34;08
34220;CARRETERA N-620 KM. 76;"L-V: 07:00-22:00; S: 08:00-22:00; D: 09:00-22:00";41.986639;MAGAZ DE PISUERGA;-4,416639;I;Magaz de Pisuerga;;;;;;;;;;;1.685;;1.735;;;1.565;1.625;;;;;;;PALENCIA;OM;REPSOL;P;0,0;0,0;6346;5117;34;08
34460;CARRETERA SANTANDER KM. 58;"L-S: 07:30-22:00; D: 08:00-22:00";42.413694;OSORNO;-4,352722;D;Osorno la Mayor;;;;;;;;;;;1.699;;1.799;;;1.579;;;;1.689;;;;PALENCIA;dm;REPSOL;P;0,0;0,0;6320;5133;34;08
34460;CARRETERA SANTANDER KM. 59;L-D: 06:00-22:00;42.417;OSORNO;-4,350750;I;Osorno la Mayor;0.809;;;;;;;;;;1.599;;;;;1.479;;;;;;;;PALENCIA;dm;PETROCORNER LOS CHOPOS;P;0,0;0,0;4752;5133;34;08
34460;CARRETERA CR ABIA 6 POLÍGONO 8 PARCELA 5246 0009015-16-1700UM89F LOS ARBEJALES KM. ;L-V: 09:00-19:00;42.413389;OSORNO;-4,360528;D;Osorno la Mayor;;;;;;;;;;;;1.09;;;;;;;;;;;;PALENCIA;dm;AGROPAL;P;0,0;0,0;9792;5133;34;08
34469;AUTOVIA A-67 KM. 51;L-D: 24H;42.362556;SANTILLANA DE CAMPOS;-4,386750;D;Osorno la Mayor;1.219;;;;;;;;;;1.669;;1.759;;;1.555;;;;1.695;;;;PALENCIA;OM;BP SANTILLANA DE CAMPOS;P;0,0;0,0;12290;5133;34;08
34001;AVENIDA CUBA, 27;"L-V: 06:00-00:00; S-D: 07:00-23:00";42.014056;PALENCIA;-4,520306;D;Palencia;;;;;;;;;;;1.469;;;;;1.379;;;;;;;;PALENCIA;dm;GASEXPRESS;P;0,0;0,0;14029;5134;34;08
34005;CARRETERA C-615 KM. 2,3;L-D: 07:00-23:00;42.027889;PALENCIA;-4,550361;D;Palencia;;;;;;;1.805;;;;1.705;;;;;1.575;1.635;;;1.735;;;;PALENCIA;OM;REPSOL;P;0,0;0,0;6312;5134;34;08
34005;CTRA. PALENCIA-ORENSE km 2,00;L-D: 24H;42.016167;PALENCIA;-4,545917;D;Palencia;;;;;;;;;;;1.689;;1.795;;;1.549;;;;;;;;PALENCIA;dm;SUANCES;P;0,0;0,0;9704;5134;34;08
34003;AVENIDA CUBA, 25;L-D: 07:00-23:00;42.013889;PALENCIA;-4,520778;D;Palencia;;;;;;;;;;;1.539;;1.589;;;1.449;;;;1.589;;;;PALENCIA;OM;GALP;P;0,0;0,0;6087;5134;34;08
34003;CALLE CRUZ ROJA, 9;L-D: 24H;42.020333;PALENCIA;-4,528639;D;Palencia;;;;;;;;;;;1.469;;;;;1.359;;;;;;;;PALENCIA;dm;PLENERGY;P;0,0;0,0;15819;5134;34;08
34003;AVENIDA CAMPOS GOTICOS, 6;L-D: 06:00-22:00;42.0135;PALENCIA;-4,525417;N;Palencia;;;;;;;1.799;;;1.105;1.689;;;;;1.579;1.639;;;1.739;;;;PALENCIA;OM;REPSOL;P;0,0;0,0;6296;5134;34;08
34003;CARRETERA N-611 KM. 10,9;L-D: 24H;42.020778;PALENCIA;-4,528389;D;Palencia;;;;;;;;;;;1.469;;1.489;;;1.359;;;;;;;;PALENCIA;OM;BALLENOIL;P;0,0;0,0;6161;5134;34;08
34003;CARRETERA CARRETERA DE SANTANDER KM. 12,3;L-D: 24H;42.0315;PALENCIA;-4,524167;D;Palencia;0.6;;;;;;;;;;1.449;;;;;1.359;;;;;;;;PALENCIA;dm;BEROIL;P;0,0;0,0;12126;5134;34;08
34004;CALLE EXTREMADURA, 1;L-D: 24H;42.006861;PALENCIA;-4,520417;D;Palencia;;;;;;;;;;;1.469;;1.489;;;1.359;;;;;;;;PALENCIA;OM;BALLENOIL;P;0,0;0,0;14895;5134;34;08
34004;CALLE ANDALUCIA ESQ. AVD. COMUNIDAD EUROPEA, S/N;L-D: 05:30-23:30;41.997306;PALENCIA;-4,509278;N;Palencia;;;;;;;;;;;1.699;;1.779;;;1.519;;;;1.619;;;;PALENCIA;OM;SHELL;P;0,0;0,0;11614;5134;34;08
34004;AVENIDA COMUNIDAD EUROPEA, 36;"L-V: 06:30-22:30; S-D: 07:30-22:30";42.007556;PALENCIA;-4,511250;D;Palencia;0.998;;;;;;;;;1.099;1.719;;1.779;;;1.589;;;;1.759;;;;PALENCIA;dm;CEPSA;P;0,0;0,0;14567;5134;34;08
34004;AVENIDA DE MADRID, 37;L-D: 24H;41.991611;PALENCIA;-4,518500;N;Palencia;;;;;;;;;;;1.599;;1.639;;;1.509;;;;1.629;;;;PALENCIA;dm;CARREFOUR;P;0,0;0,0;6079;5134;34;08
34004;CALLE GUIPUZCOA, 5;"L-V: 07:00-21:00; S: 08:00-15:00; D: 08:00-14:00";42.003556;PALENCIA;-4,515778;D;Palencia;;;;;;;;;;;1.679;;1.729;;;1.575;;;;;;;;PALENCIA;OM;REPSOL;P;0,0;0,0;6241;5134;34;08
34004;CALLE FRANCIA, 52;L-S: 07:00-21:30;42.002944;PALENCIA;-4,510333;I;Palencia;;;;;;;;;;;1.689;;1.745;;;1.575;;;;1.745;;;;PALENCIA;dm;REPSOL;P;0,0;0,0;8254;5134;34;08
34004;C/LOS TORNEROS 61;"L-V: 06:30-22:15; S-D: 07:30-22:15";42.005722;PALENCIA;-4,507083;D;Palencia;;;;;;;;;;;1.497;;1.547;;;1.429;;;;1.565;;;;PALENCIA;dm;REPOSTAR;P;0,0;0,0;10131;5134;34;08
34004;AVENIDA MADRID, 2;L: 07:00-23:00;41.992639;PALENCIA;-4,519750;D;Palencia;;;;;;;;;;;1.689;;1.739;;;1.549;;;;1.629;;;;PALENCIA;dm;REPSOL;P;0,0;0,0;6378;5134;34;08
34004;AVENIDA ANDALUCÍA, 180;L-D: 24H;41.990694;PALENCIA;-4,510972;N;Palencia;0.65;;;;;;;;;1.099;1.689;;1.769;;;1.539;;;;1.649;;;;PALENCIA;dm;AVIA;P;0,0;0,0;13067;5134;34;08
34300;CARRETERA CIRCUNVALACION, S/N KM. 18,1;"L-V: 07:00-20:00; S: 08:00-15:00";42.156778;PAREDES DE NAVA;-4,692333;D;Paredes de Nava;;;;;;;;;;;1.689;;1.789;;;1.555;;;;1.715;;;;PALENCIA;OM;REPSOL;P;0,0;0,0;6328;5137;34;08
34300;POLIGONO POLIGONO INDUSTRIAL NAVE 80, 80;L-D: 24H;42.147139;PAREDES DE NAVA;-4,681167;D;Paredes de Nava;0.6;;;;;;;;;;1.529;;;;;1.499;;;;;;;;PALENCIA;dm;BEROIL;P;0,0;0,0;14164;5137;34;08
34250;AUTOVIA A-62 KM. 56,5;L-D: 07:00-23:00;42.0765;QUINTANA DEL PUENTE;-4,210500;D;Quintana del Puente;0.799;;;;;;;;;;1.669;;;;;1.544;;;;;;;;PALENCIA;OM;GALP;P;0,0;0,0;6422;5154;34;08
34100;AVENIDA REYES CATOLICOS, 2;L-D: 06:30-22:30;42.518417;SALDAÑA;-4,736056;N;Saldaña;;;;;;;;;;;1.729;;1.799;;;1.599;;;;1.759;;;;PALENCIA;dm;REPSOL;P;0,0;0,0;6292;5164;34;08
34100;CARRETERA P-235. SAHAGÚN - SALDAÑA. PARC. 93 Y 94, POL.101 KM. 0;L-D: 07:00-23:00;42.513028;SALDAÑA;-4,740361;I;Saldaña;0.947;;;;;;;;;;1.669;;1.769;;;1.549;;;;1.649;;;;PALENCIA;dm;MOEVE;P;0,0;0,0;15071;5164;34;08
34885;CARRETERA CL626 KM. 18,400;L: 07:00-21:00;42.803056;SANTIBAÑEZ DE LA PEÑA;-4,737694;I;Santibáñez de la Peña;;;;;;;;;;;1.699;;1.809;;;1.559;;;;1.739;;;;PALENCIA;dm;REPSOL;P;0,0;0,0;7759;5175;34;08
34128;CARRETERA C-615 KM. 47,50;L-D: 06:00-22:00;42.422417;SERNA (LA);-4,679639;I;Serna (La);;;;;;;;;;;1.719;;1.799;;;1.599;;;;1.759;;;;PALENCIA;dm;REPSOL;P;0,0;0,0;6256;5177;34;08
34230;CR A-62, 62,5;L-D: 08:00-18:00;42.046889;TORQUEMADA;-4,256639;D;Torquemada;;;;;;;;;;;1.665;;1.765;;;1.539;;;;1.699;;;;PALENCIA;OM;REPSOL;P;0,0;0,0;6182;5184;34;08
34230;AUTOVIA A 62 KM. 69;L-S: 07:30-22:00;42.016806;TORQUEMADA;-4,346278;D;Torquemada;;;;;;;;;;;1.675;;1.725;;;1.545;;;;1.705;;;;PALENCIA;OM;REPSOL;P;0,0;0,0;6183;5184;34;08
34230;AUTOVIA 62 KM. 64,300;L-D: 07:00-23:00;42.037306;TORQUEMADA;-4,279750;N;Torquemada;0.95;;;;;;;;;;1.685;;1.785;;;1.549;1.709;;;;;;;PALENCIA;dm;CEPSA;P;0,0;0,0;11865;5184;34;08
34230;CAMINO CM VALDESALCE 18 POLÍGONO 502 PARCELA 5014 LAS CRUCES., ;L-V: 09:00-19:00;42.04075;TORQUEMADA;-4,318528;N;Torquemada;;;;;;;;;;;;1.09;;;;;;;;;;;;PALENCIA;dm;AGROPAL;P;0,0;0,0;9778;5184;34;08
34230;CARRETERA N-620 KM. 61;L-D: 24H;42.051056;TORQUEMADA;-4,252417;D;Torquemada;;;;;;;;;;;1.689;;;;;1.549;;;;;;;;PALENCIA;dm;LAS LAGUNAS;P;0,0;0,0;6191;5184;34;08
34200;CARRETERA BURGOS KM. 19;L-D: 06:00-22:00;41.926722;VENTA DE BAÑOS;-4,489750;D;Venta de Baños;;;;;;;;;;;1.699;;1.749;;;1.575;;;;1.735;;;;PALENCIA;OM;REPSOL;P;0,0;0,0;6390;5194;34;08
34340;CR. VILLALON , S/N km 11;"L-V: 09:00-14:00 y 15:30-19:00; S: 09:00-13:00";42.243833;VILLADA;-4,966333;D;Villada;;;;;;;;;;;1.53;;;;;;;;;;;;;PALENCIA;dm;SOCOTEM S.COOP.LTDA.;P;0,0;0,0;9243;5200;34;08
34479;AUTOVIA A-231.BURGOS-LEON KM. 99;L-D: 24H;42.391861;VILLAHERREROS;-4,474139;D;Villaherreros;1.219;;;;;;;;;;1.679;;1.769;;;1.535;;;;1.675;;;;PALENCIA;OM;BP VILLAHERREROS;P;0,0;0,0;11588;5203;34;08
34190;CARRETERA P-900 KM. 5;L-D: 08:00-21:00;41.957222;VILLAMURIEL DE CERRATO;-4,519444;I;Villamuriel de Cerrato;;;;;;;;;;;1.689;;1.739;;;1.549;;;;;;;;PALENCIA;dm;REPSOL;P;0,0;0,0;6408;5215;34;08
34190;AUTOVIA A610 KM. 5,5;L-D: 07:00-23:00;41.973028;VILLAMURIEL DE CERRATO;-4,470222;D;Villamuriel de Cerrato;;;;;;;;;;;1.669;;1.769;;;1.549;;;;1.649;;;;PALENCIA;OM;CEPSA;P;0,0;0,0;15658;5215;34;08
34190;POLIGONO INDUSTRIAL, 88;L-D: 24H;41.939056;VILLAMURIEL DE CERRATO;-4,500500;N;Villamuriel de Cerrato;1.105;;;;;;;;;;1.666;;;;;;;;;;;;;PALENCIA;dm;IDS;P;0,0;0,0;872;5215;34;08
34340;P-942 km 1,2;L-D: 24H;42.0475;VILLARRAMIEL;-4,901917;I;Villarramiel;0.979;;;;;;;;;;1.669;;1.729;;;1.539;;;;;;;;PALENCIA;dm;E.S SHELL VILLARRAMIEL;P;0,0;0,0;9426;5221;34;08
34140;CARRETERA N 610 KM. 32;"L-V: 07:30-22:00; S: 07:30-15:00; D: 14:00-22:00";42.046278;VILLARRAMIEL;-4,899750;D;Villarramiel;;;;;;;;;;;1.719;;1.779;;;1.589;;;;1.759;;;;PALENCIA;dm;REPSOL;P;0,0;0,0;7758;5221;34;08
34257;A-62 km 41,6;L-D: 07:00-23:00;42.159083;VILLODRIGO;-4,079667;D;Villodrigo;;;;;;;;;;;1.669;;1.769;;;1.549;;;;1.649;;;;PALENCIA;OM;CEPSA;P;0,0;0,0;7753;5229;34;08
34257;CARRETERA N-620A KM. 42,9;L-D: 06:00-22:00;42.151111;VILLODRIGO;-4,086528;I;Villodrigo;;;;;;;;;;;1.669;1.346;1.769;;;1.549;1.623;;;;;;;PALENCIA;OM;CEPSA;P;0,0;0,0;7751;5229;34;08
34131;CR C-615, 28,2;L: 06:00-22:00;42.240861;VILLOLDO;-4,604917;D;Villoldo;;;;;;;;;;;1.665;;1.765;;;1.539;;;;1.699;;;;PALENCIA;OM;REPSOL;P;0,0;0,0;7761;5230;34;08
37800;CALLE JUAN PABLO II, 20;L-D: 07:00-23:00;40.822417;ALBA DE TORMES;-5,515056;I;Alba de Tormes;;;;;;;;;;;1.689;;1.749;;;1.539;;;;;;;;SALAMANCA;OM;REPSOL;P;0,0;0,0;6307;5336;37;08
37624;CTRA SALAMANCA - LA ALBERCA (CARRETERA km 75,2);L-D: 07:00-22:00;40.51075;ALBERCA (LA);-6,124639;D;Alberca (La);1.59;;;;;;;;;;1.699;;1.769;;;1.599;;;;1.749;;;;SALAMANCA;dm;SANTIAGO HERNANDEZ;P;0,0;0,0;10025;5338;37;08
37350;CARRETERA AVDA SALAMANCA 52-56 KM. 9,800;L-D: 07:00-22:00;40.981639;ALDEALENGUA;-5,544194;D;Aldealengua;;;;;;;;;;;1.609;;1.699;;;1.439;;;;;;;;SALAMANCA;dm;SIS CARBURANTES;P;0,0;0,0;11439;5344;37;08
37429;AUTOVIA A62 KM. 214;L-D: 07:00-23:00;41.138028;ALDEANUEVA DE FIGUEROA;-5,488667;D;Aldeanueva de Figueroa;;;;;;;1.755;;;;1.645;;;;;1.549;;;;;;;;SALAMANCA;OM;REPSOL;P;0,0;0,0;6410;5345;37;08
37187;CALLE ANTONIO GAUDI, 1;L-D: 24H;40.942056;ALDEATEJADA;-5,680500;D;Aldeatejada;1.219;;;;;;;;;;1.659;;1.749;;;1.575;;;;1.715;;;;SALAMANCA;OM;BP SALAMANCA;P;0,0;0,0;13379;5351;37;08
37460;AUTOVIA A62 KM. 275;L-D: 24H;40.846833;ALDEHUELA DE LA BOVEDA;-6,050028;I;Aldehuela de la Bóveda;0.799;;;;;;;;;;1.669;;1.764;;;1.564;;;;;;;;SALAMANCA;OM;GALP;P;0,0;0,0;11255;5353;37;08
37460;A-62 km 275;L-D: 07:30-23:00;40.849972;ALDEHUELA DE LA BOVEDA;-6,050750;D;Aldehuela de la Bóveda;;;;;;;;;;;1.59;;;;;1.51;;;;;;;;SALAMANCA;dm;BERNAL;P;0,0;0,0;8047;5353;37;08
37796;AUTOVIA A-66 KM. 348;L-D: 24H;40.894278;ARAPILES;-5,655750;I;Arapiles;;;;;;;1.779;;;;1.669;;;;;1.535;;;;1.695;;;;SALAMANCA;OM;REPSOL;P;0,0;0,0;11418;5360;37;08
37796;CARRETERA SA-CV-70 KM. 1,650;L-D: 07:00-23:00;40.895833;ARAPILES;-5,662417;D;Arapiles;;;;;;;;;;1.089;1.669;;1.769;;;1.535;;;;1.695;;;;SALAMANCA;OM;REPSOL;P;0,0;0,0;12672;5360;37;08
37796;CARRETERA N-630 KM. 347;L-V: 08:00-13:00;40.907306;TORRES (LAS);-5,664583;I;Arapiles;;;;;;;;;;;1.679;;;;;1.559;;;;1.719;;;;SALAMANCA;dm;LAS TORRES;P;0,0;0,0;4957;5360;37;08
37700;CL CRTA DE SALAMANCA, 3;L-D: 24H;40.384167;BEJAR;-5,762306;D;Béjar;;;;;;;1.779;;;;1.669;1.28;;;;1.589;;;;1.739;;;;SALAMANCA;OM;REPSOL;P;0,0;0,0;6208;5372;37;08
37700;CARRETERA DE LA ESTACION KM. 87;L-D: 24H;40.383944;BEJAR;-5,777194;D;Béjar;;;;;;;;;;;1.569;;1.679;;;1.479;;;;;;;;SALAMANCA;dm;BEJAROIL;P;0,0;0,0;15861;5372;37;08
37700;CARRETERA N-630 KM. 412;L-D: 07:00-23:00;40.389556;BEJAR;-5,750722;D;Béjar;;;;;;;1.779;;;;1.669;;;;;1.579;;;;1.739;;;;SALAMANCA;OM;REPSOL;P;0,0;0,0;6367;5372;37;08
37789;CARRETERA N 630 KM. 359,2;L-D: 06:00-22:00;40.806417;CUATRO CALZADAS;-5,632056;I;Buenavista;;;;;;;;;;;1.689;;;;;1.559;;;;;;;;SALAMANCA;dm;GALP;P;0,0;0,0;6160;5384;37;08
37193;CARRETERA DE ALDEALENGUA SA-804 KM. 0,500;"L-S: 07:00-22:00; D: 08:00-22:00";40.972556;CABRERIZOS;-5,619194;D;Cabrerizos;;;;;;;;;;;1.669;;1.729;;;1.599;;;;;;;;SALAMANCA;dm;E.S. CABRERIZOS;P;0,0;0,0;10071;5389;37;08
37181;CARRETERA N-501 KM. 84;"L-V: 07:00-22:00; S-D: 08:00-22:00";40.946028;CALVARRASA DE ABAJO;-5,555139;I;Calvarrasa de Abajo;0.97;;;;;;;;;;1.679;;1.779;;;1.579;;;;1.749;;;;SALAMANCA;dm;REPSOL;P;0,0;0,0;6397;5391;37;08
37191;*EL TREBOL* CR.ALBA DE TORMES-PIEDRAHITA  KM 5.200 km 8,7;"L-S: 07:00-22:00; D: 08:00-22:00";40.894167;CALVARRASA DE ARRIBA;-5,586750;D;Calvarrasa de Arriba;;;;;;;;;;;1.608;1.307;1.658;;;1.508;;;;1.616;;;;SALAMANCA;dm;EL TREBOL;P;0,0;0,0;4741;5392;37;08
37797;CARRETERA NACIONAL 630 KM. 326;L-D: 07:30-20:30;41.08575;CALZADA DE VALDUNCIEL;-5,697028;D;Calzada de Valdunciel;;;;;;;;;;;1.679;1.449;1.759;;;1.579;;;;;;;;SALAMANCA;dm;REPSOL;P;0,0;0,0;6209;5395;37;08
37405;SA-804 km 26;"L-V: 08:00-20:00; S: 09:00-13:00";41.047534;CANTALPINO;-5,352872;I;Cantalpino;;;;;;;;;;;1.529;1.129;;;;;;;;;;;;SALAMANCA;dm;ARANPINO;P;0,0;0,0;11321;5402;37;08
37188;CALLE VERTICAL TERCERA, 4 - 6 POL. IND. EL MONTALVO III, 4;L-D: 24H;40.93725;CARBAJOSA DE LA SAGRADA;-5,654611;D;Carbajosa de la Sagrada;;;;;;;;1.563;1.361;;;;;;;;;;;;;;;SALAMANCA;dm;NATURGY ES SALAMANCA-BECONSA ;P;0,0;0,0;14631;5404;37;08
37188;CALLE SALAMANCA, 44;L-D: 24H;40.940278;CARBAJOSA DE LA SAGRADA;-5,654556;D;Carbajosa de la Sagrada;;;;;;;;;;;1.487;;;;;1.337;;;;;;;;SALAMANCA;dm;PLENERGY;P;0,0;0,0;16100;5404;37;08
37188;CALLE PRIMERA, S/N;L-D: 24H;40.942056;CARBAJOSA DE LA SAGRADA;-5,652056;D;Carbajosa de la Sagrada;;;;;;;;;;;1.489;;;;;1.339;;;;;;;;SALAMANCA;dm;GMOIL;P;0,0;0,0;13300;5404;37;08
37188;AVENIDA CARBAJOSA, 10;L-D: 06:00-23:00;40.947361;CARBAJOSA DE LA SAGRADA;-5,656833;N;Carbajosa de la Sagrada;;;;;;;;;;;1.659;;1.756;;;1.549;1.623;;;;;;;SALAMANCA;OM;MOEVE;P;0,0;0,0;6424;5404;37;08
37188;CALLE NEWTON, 13;L-D: 24H;40.943306;CARBAJOSA DE LA SAGRADA;-5,655139;D;Carbajosa de la Sagrada;;;;;;;;;;;1.487;;1.507;;;1.337;;;;;;;;SALAMANCA;OM;BALLENOIL;P;0,0;0,0;14803;5404;37;08
37188;AVENIDA DE CARBAJOSA LA SAGRADA, 13;L-D: 24H;40.945528;CARBAJOSA DE LA SAGRADA;-5,656194;I;Carbajosa de la Sagrada;;;;;;;;;;;1.487;;;;;1.337;;;;;;;;SALAMANCA;dm;PETROPRIX;P;0,0;0,0;14823;5404;37;08
37188;CALLE VERTICAL V, 20;L-D: 24H;40.938306;CARBAJOSA DE LA SAGRADA;-5,656889;D;Carbajosa de la Sagrada;;;;;;;;;;;1.489;;;;;1.339;;;;;;;;SALAMANCA;dm;EURONOR ENERGY ;P;0,0;0,0;14373;5404;37;08
37188;CALLE SEGUNDA, 9;L-D: 24H;40.939694;CARBAJOSA DE LA SAGRADA;-5,655556;I;Carbajosa de la Sagrada;;;;;;;1.785;;;1.095;1.675;;;;;1.555;;;;1.695;;;;SALAMANCA;OM;REPSOL;P;0,0;0,0;11580;5404;37;08
37900;AVDA. E. LECLERC,   Nº2 (C.C. E.LECLERC);L-D: 24H;40.946306;CARBAJOSA DE LA SAGRADA;-5,642222;N;Carbajosa de la Sagrada;;;;;;;;;;;1.488;;1.598;;;1.338;;;;1.568;;;;SALAMANCA;dm;E.LECLERC;P;0,0;0,0;5512;5404;37;08
37439;CARRETERA SALAMANCA-VALLADOLID KM. 9;L-D: 07:00-23:00;41.019806;CASTELLANOS DE MORISCOS;-5,593972;D;Castellanos de Moriscos;;;;;;;;;;;1.685;;1.776;;;1.573;;;;;;;;SALAMANCA;dm;CEPSA;P;0,0;0,0;6415;5411;37;08
37500;AVENIDA PORTUGAL, 47;L-D: 06:30-23:30;40.601389;CIUDAD RODRIGO;-6,534917;I;Ciudad Rodrigo;;;;;;;;;;;1.675;1.284;1.725;;;1.545;;;;1.705;;;;SALAMANCA;OM;CAMPSA;P;0,0;0,0;6303;5424;37;08
37500;CARRETERA SALAMANCA KM. 320;L-D: 24H;40.612861;CIUDAD RODRIGO;-6,518389;D;Ciudad Rodrigo;0.78;;;;;;;;;;1.555;;;;;1.455;;;;;;;;SALAMANCA;dm;PGS;P;0,0;0,0;13120;5424;37;08
37500;AVENIDA SALAMANCA, S/N;L-D: 24H;40.604111;CIUDAD RODRIGO;-6,528806;I;Ciudad Rodrigo;;;;;;;1.785;;;;1.675;;;;;1.555;;;;1.705;;;;SALAMANCA;OM;REPSOL;P;0,0;0,0;6334;5424;37;08
37500;CARRETERA N-620 KM. 327,407;"L-V: 07:30-22:00; S-D: 08:00-21:00";40.581583;CIUDAD RODRIGO;-6,555944;D;Ciudad Rodrigo;0.829;;;;;;;;;;1.639;;;;;1.558;;;;;;;;SALAMANCA;dm;GALP;P;0,0;0,0;6421;5424;37;08
37500;CRTA. N-620 km 322;L-D: 24H;40.616528;CIUDAD RODRIGO;-6,514472;D;Ciudad Rodrigo;0.799;;;;;;;;;;1.657;;;;;;;;;;;;;SALAMANCA;dm;RENACCIA;P;0,0;0,0;10776;5424;37;08
37593;CARRETERA N-620 KM. 313,3;L-D: 24H;40.664167;VALDECARPINTEROS;-6,437528;D;Ciudad Rodrigo;;;;;;;;;;1.089;1.665;1.26;1.705;;;1.555;;;;;;;;SALAMANCA;OM;REPSOL;P;0,0;0,0;6164;5424;37;08
37497;CARRETERA N-620 KM. 341;L-D: 06:00-22:00;40.590889;ESPEJA;-6,707528;I;Espeja;;;;;;;;;;;1.669;;1.769;;;1.569;;;;1.653;;;;SALAMANCA;OM;MOEVE;P;0,0;0,0;6112;5442;37;08
37789;CTRA. N-630 KM 372, D;L-D: 07:00-23:00;40.70025;FRESNO-ALHANDIGA;-5,623083;D;Fresno Alhándiga;0.959;;;;;;;;;;1.689;;1.799;;;1.589;;;;1.739;;;;SALAMANCA;dm;REPSOL;P;0,0;0,0;6284;5449;37;08
37200;CARRETERA NACIONAL620 KM. 291,6;L: 07:30-22:00;40.789167;FUENTE DE SAN ESTEBAN (LA);-6,249889;I;Fuente de San Esteban (La);;;;;;;;;;;1.675;1.599;1.796;;;1.583;;;;1.653;;;;SALAMANCA;dm;CEPSA;P;0,0;0,0;6116;5450;37;08
37481;CARRETERA N-620 KM. 351,500;L-D: 24H;40.605528;FUENTES DE OÑORO;-6,824722;I;Fuentes de Oñoro;;;;;;;;;;;1.619;;1.789;;;1.558;;;;;;;;SALAMANCA;dm;E.S. FRES - BP;P;0,0;0,0;6118;5455;37;08
37481;CARRETERA N-620 KM. 351,500;L-D: 24H;40.605917;FUENTES DE OÑORO;-6,824389;D;Fuentes de Oñoro;;;;;;;;;;;1.619;;1.789;;;1.558;;;;1.698;;;;SALAMANCA;dm;E.S. FRES - BP;P;0,0;0,0;6117;5455;37;08
37480;CARRETERA N-620 KM. 348;L-D: 24H;40.591639;NUEVO POBLADO;-6,792333;D;Fuentes de Oñoro;;;;;;;;;;;1.669;;1.769;;;1.569;;;;1.653;;;;SALAMANCA;OM;MOEVE;P;0,0;0,0;6120;5455;37;08
37480;CARRETERA N-620 KM. 351,0;L-D: 08:00-21:30;40.602611;NUEVO POBLADO;-6,818167;D;Fuentes de Oñoro;;;;;;;;;;;1.639;;;;;1.568;;;;1.698;;;;SALAMANCA;dm;GALP;P;0,0;0,0;11892;5455;37;08
37449;CARRETERA BURGOS A PORTUGAL KM. 251;L-D: 24H;40.931417;MONTE LA RAD;-5,808361;I;Galindo y Perahuy;1.0;;;;;;;;;;1.519;;;;;1.469;;;;;;;;SALAMANCA;dm;EESS GASOLIVIA;P;0,0;0,0;11610;5457;37;08
37770;CALLE FILIBERTO VILLALOBOS, 4;L-D: 24H;40.548194;GUIJUELO;-5,676194;I;Guijuelo;0.756;;;;;;;;;;1.67;;;;;1.56;;;;;;;;SALAMANCA;dm;AREA DE SERVICIOS Y TRANSPORTES GUIJUELO SL;P;0,0;0,0;12242;5470;37;08
37770;CALLE FILIBERTO VILLALOBOS, 215;L-D: 06:00-22:00;40.564361;GUIJUELO;-5,670556;D;Guijuelo;;;;;;;1.789;;;;1.679;;;;;1.565;;;;1.725;;;;SALAMANCA;OM;REPSOL;P;0,0;0,0;6317;5470;37;08
37770;CALLE RIO DUERO, 12;L-D: 24H;40.567472;GUIJUELO;-5,667972;D;Guijuelo;;;;;;;;;;;1.579;;1.579;;;;1.549;;;;;;;SALAMANCA;dm;IBERFUEL;P;0,0;0,0;14826;5470;37;08
37100;PLAZA MERCADO, S/N;"L-V: 08:00-14:00 y 16:00-20:00; S-D: 09:00-14:00";41.088222;LEDESMA;-6,002778;D;Ledesma;;;;;;;;;;;1.669;;1.789;;;1.579;;;;;;;;SALAMANCA;dm;CEPSA;P;0,0;0,0;6122;5484;37;08
37760;CALLE JUAN CARLOS I, 71;"L-V: 07:00-21:00; S: 07:30-21:00; D: 08:00-21:00";40.5795;LINARES DE RIOFRIO;-5,918806;I;Linares de Riofrío;;;;;;;;;;;1.688;;1.748;;;1.573;1.643;;;;;;;SALAMANCA;dm;CEPSA;P;0,0;0,0;6125;5486;37;08
37240;CARRETERA ESTACION KM. 89;"L-V: 07:00-21:00; S-D: 08:00-21:00";40.937472;LUMBRALES;-6,710583;N;Lumbrales;;;;;;;;;;;1.699;1.309;1.749;;;1.579;;;;;;;;SALAMANCA;dm;REPSOL;P;0,0;0,0;8780;5487;37;08
37893;AUTOVIA A50 KM. 86,700;L: 07:00-23:00;40.919972;FRANCOS VIEJO;-5,507583;D;Machacón;;;;;;;;;;;1.689;;1.799;;;1.569;;;;1.729;;;;SALAMANCA;dm;CEPSA;P;0,0;0,0;13754;5488;37;08
37310;CALLE SAN GREGORIO, 31;L-D: 07:00-23:00;40.831028;MACOTERA;-5,279583;D;Macotera;;;;;;;;;;;1.685;;1.785;;;1.549;;;;1.709;;;;SALAMANCA;dm;REPSOL ;P;0,0;0,0;16420;5489;37;08
37310;CALLE SAN GREGORIO, 21;"L-V: 08:30-20:30; S-D: 09:00-15:00";40.830472;MACOTERA;-5,279389;D;Macotera;;;;;;;;;;;1.645;;1.745;;;1.535;;;;1.695;;;;SALAMANCA;dm;PETRONOR;P;0,0;0,0;6341;5489;37;08
37494;AUTOVIA AUTOVIA DE CASTILLA KM. 297;L-D: 00:00-23:59;40.772472;CASTILLEJO DE YELTES;-6,287417;D;Martín de Yeltes;;;;;;;;;1.399;;;;;;;;;;;;;;;SALAMANCA;dm;MOLGAS;P;0,0;0,0;15945;5496;37;08
37494;AUTOVIA A-62 KM. 297;L-D: 06:00-22:00;40.772056;MARTIN DE YELTES;-6,286972;D;Martín de Yeltes;;;;;;;;;;;1.659;;1.759;;;1.569;1.633;;;;;;;SALAMANCA;OM;MOEVE;P;0,0;0,0;12109;5496;37;08
37251;CARRETERA SA-314 KM. ;L-D: 24H;41.200417;MASUECO;-6,582694;I;Masueco;;;;;;;1.799;;;;1.699;1.469;;;;1.629;;;;;;;;SALAMANCA;dm;REPSOL;P;0,0;0,0;6189;5498;37;08
37795;AUTOVIA A-66 KM. 375;L-D: 24H;40.660556;MONTEJO;-5,622639;I;Montejo;;;;;;;;;;;1.679;;1.789;;;1.559;;;;1.719;;;;SALAMANCA;dm;CEPSA;P;0,0;0,0;11850;5513;37;08
37427;A-62 km 225;L-D: 06:00-23:59;41.054917;PEDROSILLO EL RALO;-5,544444;I;Pedrosillo el Ralo;;;;;;;;;;;1.669;;1.769;;;1.549;1.639;;;;;;;SALAMANCA;OM;MOEVE;P;0,0;0,0;8138;5548;37;08
37427;AUTOVIA A-62 KM. 225;L-D: 06:00-23:00;41.057444;PEDROSILLO EL RALO;-5,543917;D;Pedrosillo el Ralo;;;;;;;;;;;1.679;;1.779;;;1.549;1.639;;;;;;;SALAMANCA;OM;MOEVE;P;0,0;0,0;6426;5548;37;08
37300;CALLE CARRETEROS, 14;L: 24H;40.892306;PEÑARANDA DE BRACAMONTE;-5,200750;D;Peñaranda de Bracamonte;;;;;;;;;;;1.499;;;;;1.399;;;;;;;;SALAMANCA;dm;HIDRO&GAR.2;P;0,0;0,0;16208;5556;37;08
37300;CARRETERA CAÑIZAL PIEDRAHITA KM. 38,20;L-D: 24H;40.900528;PEÑARANDA DE BRACAMONTE;-5,203889;N;Peñaranda de Bracamonte;0.696;;;;;;;;;;1.473;;1.588;;;1.366;;;;1.501;;;;SALAMANCA;dm;MONTE LA REINA;P;0,0;0,0;405;5556;37;08
37300;CAMINO CAMINO DEL VILLAR, 0;L-D: 24H;40.91125;PEÑARANDA DE BRACAMONTE;-5,204750;N;Peñaranda de Bracamonte;0.735;;;;;;;;;;1.489;1.199;;;;1.399;;;;;;;;SALAMANCA;dm;AN ENERGETICOS - PEÑARANDA;P;0,0;0,0;14564;5556;37;08
37720;CARRETERA N-630 KM. 423,90;L-D: 08:00-22:00;40.340806;PUERTO DE BEJAR;-5,849028;D;Puerto de Béjar;;;;;;;;;;;1.675;;1.785;;;1.565;;;;1.715;;;;SALAMANCA;dm;CEPSA;P;0,0;0,0;6133;5573;37;08
37521;AVENIDA EXTREMADURA, 1;"L-S: 07:00-22:00; D: 08:00-22:00";40.386889;ROBLEDA;-6,608250;D;Robleda;;;;;;;;;;;1.669;1.299;;;;1.559;;;;;;;;SALAMANCA;dm;REPSOL;P;0,0;0,0;6223;5579;37;08
37130;AUTOVIA A-62 KM. 269;L-D: 24H;40.878056;ROBLIZA DE COJOS;-5,982778;D;Robliza de Cojos;;;;;;;;;;;1.689;1.319;1.759;;;1.575;;;;1.735;;;;SALAMANCA;dm;REPSOL;P;0,0;0,0;11883;5580;37;08
37004;CALZADA MEDINA, 81;L-D: 06:00-22:00;40.974056;SALAMANCA;-5,644833;I;Salamanca;;;;;;;;;;1.049;1.669;;1.769;;;1.569;1.643;;;;;;;SALAMANCA;OM;CEPSA;P;0,0;0,0;6163;5585;37;08
37005;CL AVENIDA RAIMUNDO BORGOÑA, 48  I;L-D: 06:00-00:00;40.978389;SALAMANCA;-5,663167;I;Salamanca;;;;;;;;;;1.105;1.659;;1.709;;;1.575;1.635;;;1.735;;;;SALAMANCA;OM;REPSOL;P;0,0;0,0;6350;5585;37;08
37005;CL AVDA. SAN AGUSTIN, 78;L-D: 07:00-23:00;40.978944;SALAMANCA;-5,658222;I;Salamanca;;;;;;;;;;;1.659;;1.709;;;1.575;;;;1.735;;;;SALAMANCA;OM;REPSOL;P;0,0;0,0;6351;5585;37;08
37005;AVENIDA MIRAT, 40;L-D: 07:00-23:00;40.969917;SALAMANCA;-5,662806;D;Salamanca;;;;;;;;;;;1.659;;1.759;;;1.575;;;;;;;;SALAMANCA;OM;REPSOL;P;0,0;0,0;6380;5585;37;08
37007;AVENIDA LUIS DE CAMOENS, 20;L-D: 07:00-23:00;40.971194;SALAMANCA;-5,682778;N;Salamanca;;;;;;;;;;;1.489;;1.598;;;1.387;;;;1.567;;;;SALAMANCA;dm;RONDA OESTE;P;0,0;0,0;4955;5585;37;08
37007;CALLE ANTONIO LOPEZ BORRASCA, 2;L-D: 07:00-23:00;40.962222;SALAMANCA;-5,698333;D;Salamanca;;;;;;;1.785;;;1.125;1.685;;;;;1.575;;;;1.725;;;;SALAMANCA;OM;REPSOL;P;0,0;0,0;12572;5585;37;08
37008;CALLE DISEMINADO PEÑASCAL, S/N;L-D: 24H;40.938972;SALAMANCA;-5,683583;D;Salamanca;;;;;;;;;;;1.507;;;;;1.357;;;;;;;;SALAMANCA;dm;PLENERGY;P;0,0;0,0;16114;5585;37;08
37008;(EL TREBOL) CTRA. FREGENEDA Nº 12-22 SALAMANCA;"L-S: 07:00-22:00; D: 08:00-22:00";40.955806;SALAMANCA;-5,672750;N;Salamanca;0.989;;;;;;;;;;1.609;1.307;1.668;;;1.519;;;;1.619;;;;SALAMANCA;dm;EL TREBOL;P;0,0;0,0;4952;5585;37;08
37008;CARRETERA N 620 KM. 244;"L-V: 07:30-21:30; S-D: 08:00-15:00";40.951056;SALAMANCA;-5,727361;D;Salamanca;;;;;;;;;;;1.665;;1.765;;;1.555;;;;;;;;SALAMANCA;OM;REPSOL;P;0,0;0,0;6337;5585;37;08
37008;AVENIDA LASALLE, 200;"L-V: 07:00-22:00; S-D: 08:00-22:00";40.955306;SALAMANCA;-5,693806;D;Salamanca;;;;;;;;;;;1.675;;1.725;;;1.565;;;;1.725;;;;SALAMANCA;OM;REPSOL;P;0,0;0,0;6268;5585;37;08
37008;CL BA, CHAMBERÍ-CR FREGENEDA,45;L-D: 07:00-23:00;40.955;SALAMANCA;-5,674750;D;Salamanca;;;;;;;;;;;1.675;;1.725;;;1.565;;;;1.725;;;;SALAMANCA;OM;REPSOL;P;0,0;0,0;6311;5585;37;08
37008;CARRETERA N-630 KM. 338;L-D: 24H;40.955333;SALAMANCA;-5,706917;D;Salamanca;;;;;;;;;;;1.685;;1.725;;;1.565;;;;1.725;;;;SALAMANCA;OM;REPSOL;P;0,0;0,0;6170;5585;37;08
37008;CALLE REYES DE ESPAÑA, 38;L-D: 07:00-23:00;40.957167;SALAMANCA;-5,665667;D;Salamanca;;;;;;;;;;;1.679;;1.729;;;1.575;;;;1.735;;;;SALAMANCA;dm;REPSOL;P;0,0;0,0;6254;5585;37;08
37008;CARRETERA N-630 KM. 342;"L-V: 06:00-23:00; S-D: 07:00-23:00";40.94775;SALAMANCA;-5,669944;D;Salamanca;1.19;;;;;;;;;1.129;1.679;;1.729;;;1.575;;;;1.735;;;;SALAMANCA;dm;REPSOL;P;0,0;0,0;6331;5585;37;08
37008;AVENIDA ALDEHUELA, 10;L-D: 07:00-23:00;40.957972;SALAMANCA;-5,653250;D;Salamanca;1.059;;;;;;;;;;1.669;;1.729;;;1.569;;;;1.729;;;;SALAMANCA;dm;REPSOL;P;0,0;0,0;6205;5585;37;08
37008;CALLE PUERTO DE GOTEMBURGO, 1342;L-D: 24H;40.959333;SALAMANCA;-5,727167;D;Salamanca;;;;;1.429;1.374;;1.418;1.385;;;;;;;;;;;;;;;SALAMANCA;dm;HAM;P;0,0;0,0;15219;5585;37;08
37003;CALLE ALDEHUELA, 86;L-D: 24H;40.95875;SALAMANCA;-5,649694;D;Salamanca;;;;;;;;;;;1.487;;;;;1.337;;;;;;;;SALAMANCA;dm;PLENERGY;P;0,0;0,0;15790;5585;37;08
37009;CARRETERA CL-517 SALAMANCA-VITIGUDINO KM. 1,1;L-D: 24H;40.959306;SALAMANCA;-5,728083;D;Salamanca;;;;;;;;;;;1.499;;;;;1.369;;;;;;;;SALAMANCA;dm;LOW COST CARBURANTES;P;0,0;0,0;12717;5585;37;08
37470;CALLE EL MAJADAL POLIGONO INDUSTRIAL SANCTI-SPIRITUS, 8;L-D: 00:00-23:59;40.701194;SANCTI-SPIRITUS;-6,415611;N;Sancti-Spíritus;0.929;;;;;;;;;;1.639;1.399;;;;1.539;;;;;;;;SALAMANCA;dm;NIEVES;P;0,0;0,0;15685;5603;37;08
37470;PARC LOS MIRADORES, 29;L-D: 24H;40.6945;SANCTI-SPIRITUS;-6,419139;N;Sancti-Spíritus;0.826;;;;;;1.88;;;;1.682;;;;;;;;;;;;;SALAMANCA;dm;ADS;P;0,0;0,0;9669;5603;37;08
37470;AUTOVIA A-62 KM. 309;L-D: 24H;40.711833;SANCTI-SPIRITUS;-6,387750;I;Sancti-Spíritus;;;;;;;;;;;1.655;1.274;1.705;;;1.545;;;;1.695;;;;SALAMANCA;OM;REPSOL;P;0,0;0,0;10879;5603;37;08
37470;CARRETERA N-620 KM. 307,000;"L-V: 08:00-22:00; S-D: 08:00-15:00";40.708667;SANCTI-SPIRITUS;-6,399417;D;Sancti-Spíritus;;;;;;;;;;;1.645;;1.745;;;1.535;;;;;;;;SALAMANCA;OM;REPSOL;P;0,0;0,0;6212;5603;37;08
37470;N-620 km 309,2;L-D: 24H;40.697972;SANCTI-SPIRITUS;-6,416278;D;Sancti-Spíritus;1.49;;;;;;;;;;1.674;1.399;1.754;;;1.564;;;;1.664;;;;SALAMANCA;OM;SHELL;P;0,0;0,0;4958;5603;37;08
37900;CARRETERA C-510 KM. 1,3;L-D: 06:00-00:00;40.933028;SANTA MARTA DE TORMES;-5,627389;N;Santa Marta de Tormes;;;;;;;;;;;1.589;;1.669;;;1.514;;;;1.614;;;;SALAMANCA;OM;SHELL;P;0,0;0,0;10162;5606;37;08
37900;CARRETERA MADRID KM. 89,4000;L-D: 07:00-23:00;40.94975;SANTA MARTA DE TORMES;-5,610278;D;Santa Marta de Tormes;;;;;;;1.789;;;;1.679;;;;;1.555;;;;1.715;;;;SALAMANCA;OM;REPSOL;P;0,0;0,0;6215;5606;37;08
37900;CALLE CARRETERA DE MADRID, 19;L-D: 07:00-23:59;40.951778;SANTA MARTA DE TORMES;-5,649389;D;Santa Marta de Tormes;;;;;;;;;;1.049;1.659;;1.756;;;1.549;1.623;;;;;;;SALAMANCA;OM;MOEVE;P;0,0;0,0;14901;5606;37;08
37900;CARRETERA N-501 KM14-16 KM. 14;L-D: 24H;40.950889;SANTA MARTA DE TORMES;-5,642806;I;Santa Marta de Tormes;0.799;;;;;;;;;;1.599;;1.654;;;1.514;;;;;;;;SALAMANCA;OM;GALP;P;0,0;0,0;6086;5606;37;08
37900;CARRETERA CL-510 KM. 3,500;L-D: 07:00-23:00;40.930222;SANTA MARTA DE TORMES;-5,622667;D;Santa Marta de Tormes;0.799;;;;;;;;;;1.599;;1.654;;;1.514;;;;1.639;;;;SALAMANCA;OM;GALP;P;0,0;0,0;6293;5606;37;08
37900;AVENIDA PADRES PAULES, 35;L-D: 24H;40.951611;SANTA MARTA DE TORMES;-5,648583;D;Santa Marta de Tormes;;;;;;;;;;;1.487;;;;;1.337;;;;;;;;SALAMANCA;OM;BALLENOIL;P;0,0;0,0;14928;5606;37;08
37900;AVENIDA PADRES PAULES, S/N;L-D: 24H;40.951917;SANTA MARTA DE TORMES;-5,650361;N;Santa Marta de Tormes;;;;;;;;;;;1.489;;;;;1.339;;;;;;;;SALAMANCA;dm;SUPECO;P;0,0;0,0;14918;5606;37;08
37600;AVENIDA ABUSEJO, 5;L-D: 07:00-23:00;40.659917;TAMAMES;-6,113917;D;Tamames;;;;;;;;;;;1.699;1.449;1.759;;;1.589;;;;1.739;;;;SALAMANCA;dm;REPSOL;P;0,0;0,0;6349;5625;37;08
37173;CARRETERA SA 316 KM. 0,100;L-D: 08:00-21:00;41.236278;TRABANCA;-6,382778;D;Trabanca;;;;;;;;;;;1.579;;1.629;;;1.509;;;;;;;;SALAMANCA;dm;COMBUSTIBLES TRABANCA;P;0,0;0,0;6273;5636;37;08
37881;AVENIDA PAZ, 1;L-D: 24H;40.766778;VALDECARROS;-5,419694;D;Valdecarros;;;;;;;;;;;1.589;;1.629;;;1.509;;;;;;;;SALAMANCA;dm;LIBRE;P;0,0;0,0;4746;5638;37;08
37450;(EL TREBOL) AVD. JOSE ANTONIO Nº 7 (SALAMANCA-CORIA km 30,4);"L-S: 07:00-22:00; D: 08:00-22:00";40.777472;VECINOS;-5,877528;D;Vecinos;;;;;;;;;;;1.609;1.307;1.668;;;1.519;;;;1.619;;;;SALAMANCA;dm;EL TREBOL;P;0,0;0,0;4747;5652;37;08
37406;CARRETERA CTRA.SA-812 KM 27,I KM. 28;L-D: 24H;41.083944;VILLAFLORES;-5,229333;I;Villaflores;;;;;;;;;;;1.629;;;;;1.539;;;;;;;;SALAMANCA;dm;GASOLINERA VILLAFLORES;P;0,0;0,0;6335;5658;37;08
37185;CARRETERA LEDESMA KM. 9,5;L-D: 07:00-22:00;41.018472;VILLAMAYOR;-5,717250;I;Villamayor;;;;;;;;;;;1.659;;1.769;;;1.569;;;;;;;;SALAMANCA;dm;CEPSA;P;0,0;0,0;6154;5661;37;08
37185;CR C-300 5,4;L-D: 07:00-23:00;40.989583;VILLAMAYOR;-5,687889;D;Villamayor;;;;;;;1.769;;;;1.659;;;;;1.569;;;;1.729;;;;SALAMANCA;OM;REPSOL;P;0,0;0,0;6206;5661;37;08
37147;CTRA. C-517 km 49;"L-V: 07:00-20:30; S: 08:00-16:00; D: 08:00-20:30";41.0305;VILLAR DE PERALONSO;-6,222444;N;Villar de Peralonso;;;;;;;;;;;1.579;1.299;;;;1.469;;;;1.589;;;;SALAMANCA;dm;ESTACION DE SERVICIO PRIETO, S.L.;P;0,0;0,0;4956;5667;37;08
37184;CL CTRA.VALLADOLIDPG.LOS VILLA 2   D;L-D: 07:00-23:00;40.98825;VILLARES DE LA REINA;-5,646389;D;Villares de la Reina;;;;;;;1.775;;;;1.675;;;;;1.575;;;;1.735;;;;SALAMANCA;OM;REPSOL;P;0,0;0,0;6300;5669;37;08
37184;PASEO LAS DELICIAS, 43;L: 07:00-23:00;41.004528;VILLARES DE LA REINA;-5,649250;I;Villares de la Reina;;;;;;;;;;;1.699;;1.799;;;1.599;;;;1.779;;;;SALAMANCA;dm;REPSOL;P;0,0;0,0;6228;5669;37;08
37184;CARRETERA VALLADOLID KM. 85;L-D: 24H;40.993139;POLIGONO INDUSTRIAL LOS VILLARES;-5,639028;D;Villares de la Reina;;;;;;;;;;;1.537;;;;;1.387;;;;;;;;SALAMANCA;OM;BALLENOIL;P;0,0;0,0;13814;5669;37;08
37184;AVENIDA FUENTESAUCO, S/N;L-D: 24H;40.996;POLIGONO INDUSTRIAL LOS VILLARES;-5,649972;D;Villares de la Reina;0.85;;;;;;;;;;1.539;;;;;1.389;;;;;;;;SALAMANCA;dm;USC;P;0,0;0,0;12859;5669;37;08
37184;CAMINO CABRERIZOS, 55;L-D: 24H;40.99775;POLIGONO INDUSTRIAL LOS VILLARES;-5,638056;D;Villares de la Reina;0.85;;;;;;;;;;1.539;;;;;1.389;;;;;;;;SALAMANCA;dm;ECU VILLARES;P;0,0;0,0;13865;5669;37;08
37184;CARRETERA DE VALLADOLID KM. 1;L-D: 24H;40.988556;FUENTE SERRANA;-5,646361;D;Villares de la Reina;;;;;;;;;;;1.537;;;;;1.387;;;;;;;;SALAMANCA;dm;PLENERGY;P;0,0;0,0;16036;5669;37;08
37189;CARRETERA N-630 KM. 334;L-D: 07:00-23:00;41.017111;ALDEASECA DE ARMUÑA;-5,670306;D;Villares de la Reina;0.899;;;;;;1.759;;;;1.669;;;;;1.589;;;;1.749;;;;SALAMANCA;dm;REPSOL;P;0,0;0,0;6257;5669;37;08
37130;CARRETERA CL-517 KM. 22,500;"L-V: 07:00-20:30; S: 08:00-20:30; D: 09:00-21:00";41.012083;VILLARMAYOR;-5,970083;I;Villarmayor;;;;;;;;;;;1.592;1.292;1.632;;;1.482;;;;1.592;;;;SALAMANCA;dm;EUMOGAS, SL;P;0,0;0,0;4925;5672;37;08
37210;CARRETERA FREGENEDA KM. 68;L-D: 08:00-21:00;41.012833;VITIGUDINO;-6,432917;I;Vitigudino;;;;;;;;;;;1.699;;1.809;;;1.579;;;;1.699;;;;SALAMANCA;dm;CEPSA;P;0,0;0,0;6156;5684;37;08
37210;CALLE VIA DE SERVICIO , PARCELA 2J, S/N;L-D: 24H;41.008861;VITIGUDINO;-6,422417;N;Vitigudino;0.78;;;;;;;;;;1.559;;;;;1.459;;;;;;;;SALAMANCA;dm;PGS;P;0,0;0,0;13243;5684;37;08
40520;CR N-110, 97,8  D;L-D: 07:00-22:00;41.417472;AYLLON;-3,383889;D;Ayllón;0.75;;;;;;;;;;1.589;1.25;1.639;;;1.569;;;;;;;;SEGOVIA;dm;BUQUERIN;P;0,0;0,0;6235;5867;40;08
40560;AT  A-1 P.K. 116,0 D;L-D: 07:00-23:00;41.325139;BOCEGUILLAS;-3,631417;D;Boceguillas;;;;;;;1.805;;;;1.705;;;;;1.585;1.635;;;1.745;;;;SEGOVIA;OM;REPSOL;P;0,0;0,0;6404;5874;40;08
40560;CARRETERA NACIONAL 1 PARCELA 402 KM. 116,7;L-D: 24H;41.329417;BOCEGUILLAS;-3,633667;D;Boceguillas;0.6;;;;;;;;;;1.539;;;;;1.499;;;;;;;;SEGOVIA;dm;BEROIL;P;0,0;0,0;13619;5874;40;08
40320;CALLEJA, CALLEJÓN HOSPITAL, 7;L-D: 24H;41.264389;CANTALEJO;-3,929389;D;Cantalejo;0.6;;;;;;;;;;1.479;;;;;1.399;;;;;;;;SEGOVIA;dm;BEROIL;P;0,0;0,0;13235;5881;40;08
40320;CALLE CTRA. ARANDA, 4;L-D: 24H;41.264;CANTALEJO;-3,928306;D;Cantalejo;0.6;;;;;;;;;;1.479;;;;;1.399;;;;;;;;SEGOVIA;dm;G CANTALEJO;P;0,0;0,0;13165;5881;40;08
40320;CARRETERA SEGOVIA KM. 4;L-D: 24H;41.255389;CANTALEJO;-3,929000;D;Cantalejo;0.6;;;;;;;;;;1.479;1.279;1.539;;;1.399;;;;1.539;;;;SEGOVIA;dm;G CANTALEJO;P;0,0;0,0;6329;5881;40;08
40270;CR CL-601, 83,7;"L-S: 07:00-22:00; D: 08:00-22:00";41.11775;CARBONERO EL MAYOR;-4,263333;D;Carbonero el Mayor;;;;;;;;;;;1.689;;1.789;;;1.555;;;;1.715;;;;SEGOVIA;dm;REPSOL ;P;0,0;0,0;6298;5883;40;08
40270;AUTOVIA A-601 VALLADOLID-SEGOVIA KM. 90,800;L-D: 24H;41.112611;CARBONERO EL MAYOR;-4,253806;I;Carbonero el Mayor;0.735;;;;;;;;;;1.519;1.199;;;;1.429;;;;;;;;SEGOVIA;dm;AN ENERGETICOS MESENOR;P;0,0;0,0;12646;5883;40;08
40593;AUTOVIA AUTOVIA DEL NORTE MADRID-IRUN A-1 KM. 107,4;L-D: 24H;41.259278;CASTILLEJO DE MESLEON;-3,591194;D;Castillejo de Mesleón;0.885;;;;;;1.908;;;1.088;1.708;1.408;;;;1.668;;;;1.768;;;;SEGOVIA;dm;REPSOL;P;0,0;0,0;6193;5886;40;08
40593;AUTOVIA AUTOVIA DEL NORTE MADRID-IRUN A-1 KM. 107;L-D: 06:30-22:30;41.258;CASTILLEJO DE MESLEON;-3,595722;I;Castillejo de Mesleón;0.75;;;;;;;;;0.999;1.679;;1.779;;;1.659;;;;1.769;;;;SEGOVIA;dm;CEPSA;P;0,0;0,0;6281;5886;40;08
40591;CR N-1, 103;L-D: 07:00-23:00;41.219083;CEREZO DE ABAJO;-3,591083;I;Cerezo de Abajo;;;;;;;1.799;;;;1.679;;;;;1.599;;;;1.739;;;;SEGOVIA;dm;PETRONOR;P;0,0;0,0;6396;5892;40;08
40216;CARRETERA SEGOVIA 333 KM. 13,90;"L-S: 07:00-14:00 y 15:30-21:00; D: 08:00-12:00";41.339722;CHAÑE;-4,441861;D;Chañe;;;;;;;;;;;1.685;1.414;1.785;;;1.549;;;;;;;;SEGOVIA;OM;REPSOL;P;0,0;0,0;6373;5894;40;08
40480;CARRETERA CUELLAR-ALDEANUEVA 32.6 KM. 3431;"L-V: 07:00-21:00; S: 08:00-15:00";41.213417;COCA;-4,526750;D;Coca;;;;;;;;;;;1.709;1.469;1.789;;;1.609;;;;;;;;SEGOVIA;dm;REPSOL;P;0,0;0,0;6269;5897;40;08
40170;CR N-110, 171;"L-J: 07:00-22:00; V: 07:00-23:00; S: 08:00-23:00; D: 08:00-22:00";41.037222;COLLADO HERMOSO;-3,921861;D;Collado Hermoso;;;;;;;1.808;;;;1.708;;;;;1.608;;;;1.728;;;;SEGOVIA;dm;REPSOL;P;0,0;0,0;6258;5899;40;08
40200;CARRETERA CL-601 KM. 51,1;L-D: 07:00-23:00;41.394417;CUELLAR;-4,305333;I;Cuéllar;;;;;;;1.799;;;;1.699;;;;;1.565;;;;1.715;;;;SEGOVIA;OM;REPSOL;P;0,0;0,0;6316;5904;40;08
40200;CR CL-601 , 46;"L-V: 06:00-22:00; S: 07:00-22:00; D: 07:00-23:00";41.409167;CUELLAR;-4,334250;D;Cuéllar;;;;;;;;;;;1.715;;1.765;;;1.579;;;;;;;;SEGOVIA;OM;REPSOL;P;0,0;0,0;6168;5904;40;08
40200;SEGOVIA km 00;L-D: 24H;41.39025;CUELLAR;-4,302806;I;Cuéllar;0.735;;;;;;;;;;1.519;;1.559;;;1.429;;;;;;;;SEGOVIA;dm;AN GLUS;P;0,0;0,0;10777;5904;40;08
40200;CARRETERA VALLADOLID S/N FINCA 16114 KM. 148;L-D: 24H;41.405972;CUELLAR;-4,326972;D;Cuéllar;0.735;;;;;;;;;;1.519;;;;;1.429;;;;;;;;SEGOVIA;dm;EL SURTIDOR;P;0,0;0,0;14294;5904;40;08
40400;PASEO DE LAS PEÑITAS, 104;"L-V: 06:00-22:00; S-D: 07:00-22:00";40.717417;ESPINAR (EL);-4,234611;D;Espinar (El);;;;;;;1.815;;;;1.705;;;;;1.579;;;;;;;;SEGOVIA;OM;REPSOL;P;0,0;0,0;6186;5914;40;08
40400;CALLE LOS LLANOS, 1;L-D: 24H;40.721389;ESPINAR (EL);-4,258778;I;Espinar (El);;;;;;;;;;;1.519;;;;;1.429;;;;;;;;SEGOVIA;dm;CARLOS DIEZ SEGOVIA;P;0,0;0,0;12348;5914;40;08
40440;CARRETERA 603 KM. 71,2;L-D: 06:00-00:00;40.776917;ESPINAR (EL);-4,207917;N;Espinar (El);;;;;;;;;;;1.694;;1.774;;;1.584;;;;1.684;;;;SEGOVIA;OM;SHELL;P;0,0;0,0;11283;5914;40;08
40410;AVDA. ALTO DEL LEÓN, Nº 3;L-D: 06:00-22:00;40.713472;SAN RAFAEL;-4,188389;N;Espinar (El);;;;;;;;;;;1.524;;;;;1.424;;;;;;;;SEGOVIA;OM;GASOLINERA EL ESPINAR DE SAN RAFAEL;P;0,0;0,0;6423;5914;40;08
40516;NACIONAL 110 (SORIA-PLASENCIA) km 110,6;L-D: 07:00-22:00;41.332306;FRESNO DE CANTESPINO;-3,468861;D;Fresno de Cantespino;;;;;;;;;;;1.679;;1.779;;;1.659;;;;1.769;;;;SEGOVIA;dm;CEPSA;P;0,0;0,0;4755;5917;40;08
40260;CARRETERA TUREGANO KM. 18,700;L-D: 24H;41.2215;FUENTEPELAYO;-4,187889;D;Fuentepelayo;;;;;;;;;;;1.579;;;;;1.479;;;;1.749;;;;SEGOVIA;dm;ANDRES TEJEDOR E HIJOS;P;0,0;0,0;11760;5923;40;08
40355;CARRETERA FUENTESAUCO - VEGAFRIA KM. 0,6;L-D: 24H;41.428611;FUENTESAUCO FUENTIDUEÑA;-4,064667;I;Fuentesaúco de Fuentidueña;0.735;;;;;;;;;;1.519;1.082;;;;1.429;;;;;;;;SEGOVIA;dm;A.N. GLUS;P;0,0;0,0;9384;5926;40;08
40120;CARRETERA C L 605 DE SEGOVIA A ZAMORA KM. 14;L: 07:00-23:00;40.986333;GARCILLAN;-4,263944;I;Garcillán;;;;;;;1.799;;;;1.689;1.519;;;;1.555;;;;1.715;;;;SEGOVIA;dm;CAMPSA;P;0,0;0,0;6253;5930;40;08
40240;AUTOVIA CL 601 KM. 63;"L-S: 07:00-22:00; D: 09:00-22:00";41.291694;GOMEZSERRACIN;-4,299639;D;Gomezserracín;;;;;;;;;;;1.709;1.424;1.809;;;1.575;;;;;;;;SEGOVIA;OM;REPSOL;P;0,0;0,0;6283;5931;40;08
40569;CARRETERA CARRETERA DE ENCINAS KM. 121,1;L-D: 07:00-23:00;41.367417;GRAJERA;-3,641806;I;Grajera;1.305;;;;;;1.878;;;;1.778;;;;;1.648;;;;1.798;;;;SEGOVIA;dm;REPSOL;P;0,0;0,0;6402;5932;40;08
40353;CARRERA RIAZA A TORO, SN;L-D: 24H;41.347444;HONTALBILLA;-4,119111;N;Hontalbilla;;;;;;;;;;;1.699;1.449;1.809;;;1.569;;;;;;;;SEGOVIA;dm;REPOSTAR;P;0,0;0,0;4960;5934;40;08
40146;CARRETERA N-6 MADRID CORUÑA KM. 94,600;L-D: 06:00-22:00;40.837444;LABAJOS;-4,517250;I;Labajos;0.94;;;;;;;;;;1.689;1.486;1.749;;;1.559;;;;;;;;SEGOVIA;dm;MOEVE;P;0,0;0,0;6113;5940;40;08
40196;CL-601 (VALLADOLID-SEGOVIA) km 105;L-D: 24H;40.969556;LASTRILLA (LA);-4,102722;D;Lastrilla (La);;;;;;;;;;;1.599;;1.619;;;1.459;1.479;;;;;;;SEGOVIA;OM;BALLENOIL;P;0,0;0,0;4744;5945;40;08
40196;CARRETERA N-110 A SORIA KM 189 PARKING SUPERMERCADO KM. 110;"L-V: 07:00-22:00; S-D: 08:00-22:00";40.965917;LASTRILLA (LA);-4,098417;N;Lastrilla (La);;;;;;;;;;;1.629;;1.699;;;1.499;;;;1.599;;;;SEGOVIA;dm;Q8;P;0,0;0,0;6097;5945;40;08
40196;CARRETERA SORIA KM. 40;L-D: 24H;40.967833;LASTRILLA (LA);-4,094667;D;Lastrilla (La);;;;;;;;;;;1.599;;1.619;;;1.459;;;;;;;;SEGOVIA;OM;BALLENOIL;P;0,0;0,0;14636;5945;40;08
40466;AUTOVIA A-6 KM. 124;L-D: 07:00-23:00;41.052917;MARTIN MUÑOZ DE LA DEHESA;-4,699306;D;Martín Muñoz de la Dehesa;0.799;;;;;;;;;;1.679;;1.734;;;1.594;;;;1.749;;;;SEGOVIA;OM;GALP;P;0,0;0,0;6166;5951;40;08
40446;CARRETERA N-601 KM. 116,3;"L-S: 07:00-22:00; D: 08:00-22:00";40.99525;MARTIN MUÑOZ DE LAS POSADAS;-4,599694;I;Martín Muñoz de las Posadas;;;;;;;1.799;;;;1.689;1.549;;;;1.579;;;;1.789;;;;SEGOVIA;dm;REPSOL;P;0,0;0,0;6167;5952;40;08
40250;CARRETERA YANGUAS-PEÑAFIEL KM. 11,700;"L-S: 07:30-22:00; D: 09:00-15:00";41.143028;MOZONCILLO;-4,191750;I;Mozoncillo;;;;;;;;;;;1.709;1.469;1.799;;;1.599;;;;1.819;;;;SEGOVIA;dm;REPSOL;P;0,0;0,0;6169;5964;40;08
40450;CARRETERA SG-341 STA.MA.NIEVA-NAVA 10.1 KM. 341;"L-S: 06:00-22:00; D: 08:00-22:00";41.145028;NAVA DE LA ASUNCION;-4,484083;I;Nava de la Asunción;;;;;;;;;;;1.709;1.469;1.789;;;1.609;;;;;;;;SEGOVIA;dm;REPSOL;P;0,0;0,0;6270;5967;40;08
40450;CALLE REQUIJADA, 2;L-D: 24H;41.156556;NAVA DE LA ASUNCION;-4,510972;D;Nava de la Asunción;;;;;;;;;;;1.569;;;;;1.499;;;;;;;;SEGOVIA;dm;GAR;P;0,0;0,0;14666;5967;40;08
40280;POLIGONO POLIGONO 13, PARCELA 46. MOLINO, 46;L-D: 24H;41.185361;NAVALMANZANO;-4,268694;D;Navalmanzano;0.6;;;;;;;;;;1.479;;;;;1.399;;;;;;;;SEGOVIA;dm;BEROIL NAVALMANZANO;P;0,0;0,0;14935;5970;40;08
40280;AUTOVIA A-601 KM. 75,9;L-D: 24H;41.186444;NAVALMANZANO;-4,269944;D;Navalmanzano;0.649;;;;;;;;;0.968;1.509;;1.559;;;1.429;;;;1.699;;;;SEGOVIA;dm;NAVATRANS;P;0,0;0,0;12974;5970;40;08
40280;CARRETERA TUREGANO-NAVAS DE ORO KM. 1;L-D: 24H;41.209028;NAVALMANZANO;-4,267944;D;Navalmanzano;;;;;;1.374;;;1.385;;;;;;;;;;;;;;;SEGOVIA;dm;HAM;P;0,0;0,0;15076;5970;40;08
40408;CARRETERA N-VI KM. 72;L-D: 07:00-23:00;40.749194;NAVAS DE SAN ANTONIO;-4,298139;D;Navas de San Antonio;;;;;;;;;;;1.653;;1.733;;;1.563;;;;1.663;;;;SEGOVIA;dm;BP;P;0,0;0,0;6393;5976;40;08
40194;CALLE LAS ESPIGAS, 191;L-D: 24H;40.922694;PEÑAS DEL ERIZO;-4,077667;N;Palazuelos de Eresma;;;;;;;;;;;1.629;;1.679;;;1.499;;;;;;;;SEGOVIA;OM;GALP&GO;P;0,0;0,0;14878;5984;40;08
40540;CARRERA CARABIAS, 130;L-D: 07:00-23:00;41.439806;CARABIAS;-3,678028;D;Pradales;1.2;;;;;;1.848;;;;1.729;;;;;1.669;;;;1.797;;;;SEGOVIA;dm;REPSOL;P;0,0;0,0;6395;5990;40;08
40165;CTRA N-110 PK 144,600;L-D: 07:00-23:00;41.149167;PRADENA;-3,671944;D;Prádena;;;;;;;1.778;;;;1.678;;;;;1.578;;;;1.728;;;;SEGOVIA;dm;REPSOL;P;0,0;0,0;9326;5991;40;08
40500;CARRETERA NACIONAL 110 KM. 117,800;L-D: 07:00-22:00;41.276917;RIAZA;-3,485139;D;Riaza;;;;;;;;;;;1.589;;1.639;;;1.569;;;;1.699;;;;SEGOVIA;dm;BUQUERIN;P;0,0;0,0;6237;5997;40;08
40197;CARRETERA SG-V-6123 KM. 2;L-D: 06:00-00:00;40.952278;SAN CRISTOBAL DE SEGOVIA;-4,088056;D;San Cristóbal de Segovia;1.36;;;;;;;;;;1.689;;1.769;;;1.559;;;;1.659;;;;SEGOVIA;OM;SHELL;P;0,0;0,0;12364;6005;40;08
40100;CR CL-601, 120,1  I;L: 07:00-23:00;40.904472;SAN ILDEFONSO O LA GRANJA;-4,020333;I;San Ildefonso;;;;;;;1.799;;;;1.689;;;;;1.555;;;;1.715;;;;SEGOVIA;dm;REPSOL;P;0,0;0,0;6265;6006;40;08
40332;CR C-603, 65;"L-S: 07:00-22:00; D: 08:00-15:00";41.397417;SAN MIGUEL DE BERNUY;-3,952194;I;San Miguel de Bernuy;;;;;;;;;;;1.578;1.309;1.579;;;1.528;;;;;;;;SEGOVIA;dm;BRAVOIL ;P;0,0;0,0;6226;6008;40;08
40134;CTRA.DE SEGOVIA, S/N;"L-V: 08:00-20:00; S: 08:00-14:00; D: 09:00-14:00";40.949639;SANGARCIA;-4,414056;N;Sangarcía;;;;;;;;;;;1.689;1.675;;;;1.559;;;;;;;;SEGOVIA;dm;AGROCOMERCIAL HIGUERA ;P;0,0;0,0;4951;6011;40;08
40440;CL CORONEL ORTEGA 45 (C-605 km 30);L-D: 24H;41.068028;SANTA MARIA LA REAL DE NIEVA;-4,403333;D;Santa María la Real de Nieva;0.939;;;;;;;;;;1.599;;1.679;;;1.499;;;;;;;;SEGOVIA;dm; POLO;P;0,0;0,0;6377;6012;40;08
40590;AUTOVIA A1 KM. 99;L-D: 24H;41.188222;VILLAREJO;-3,584028;D;Santo Tomé del Puerto;0.959;;;;;;;;;;1.699;;1.779;;;1.629;;;;;;;;SEGOVIA;dm;E.S. MIRASIERRA;P;0,0;0,0;13957;6017;40;08
40001;AVENIDA PADRE CLARET (DEL), 8;"L-V: 07:30-22:00; S-D: 08:00-22:00";40.948194;SEGOVIA;-4,115778;D;Segovia;;;;;;;;;;;1.705;;1.805;;;1.569;;;;1.759;;;;SEGOVIA;dm;REPSOL;P;0,0;0,0;6249;6020;40;08
40002;PASEO EZEQUIEL GONZALEZ, 28;L-D: 24H;40.946111;SEGOVIA;-4,122944;D;Segovia;;;;;;;1.799;;;;1.689;;;;;1.555;;;;1.715;;;;SEGOVIA;dm;REPSOL;P;0,0;0,0;6309;6020;40;08
40004;CALLE LOS DORADORES, 6;"L-V: 07:00-23:00; S-D: 08:00-22:00";40.941472;SEGOVIA;-4,105694;I;Segovia;;;;;;;1.789;;;;1.679;;;;;1.549;;;;1.709;;;;SEGOVIA;OM;REPSOL;P;0,0;0,0;6204;6020;40;08
40005;AVDA. JUAN CARLOS I, 19 (N-603 km 94,5);L-D: 24H;40.937778;SEGOVIA;-4,111250;D;Segovia;;;;;;;;;;;1.589;;1.609;;;1.459;1.479;;;;;;;SEGOVIA;OM;BALLENOIL;P;0,0;0,0;6136;6020;40;08
40005;CALLE CARRETERA SAN RAFAEL, 5;L-D: 06:00-22:00;40.932944;SEGOVIA;-4,108611;D;Segovia;;;;;;;;;;;1.728;;1.778;;;1.613;1.663;;;;;;;SEGOVIA;dm;CEPSA;P;0,0;0,0;6138;6020;40;08
40006;POLIGONO POLÍGONO INDUSTRIAL EL CERRO, LUZ DE CASTILLA, S/N;L-D: 24H;40.922639;SEGOVIA;-4,112028;N;Segovia;;;;;;;;;;;1.659;;1.699;;;1.529;;;;1.719;;;;SEGOVIA;dm;CARREFOUR;P;0,0;0,0;6082;6020;40;08
40006;C.N.-603-MARGEN DERECHO km 93.60000;L-D: 06:00-00:00;40.927194;SEGOVIA;-4,109194;D;Segovia;;;;;;;;;;0.999;1.689;;1.769;;;1.559;;;;1.659;;;;SEGOVIA;OM;SHELL;P;0,0;0,0;4738;6020;40;08
40006;C.N.-603-MARGEN IZQUIERDO km 93.60000;L-D: 06:00-00:00;40.927194;SEGOVIA;-4,109694;I;Segovia;;;;;;;;;;;1.689;;1.769;;;1.559;;;;1.659;;;;SEGOVIA;OM;SHELL;P;0,0;0,0;4922;6020;40;08
40006;CALLE GUADARRAMA, 14;L-D: 24H;40.931444;SEGOVIA;-4,113500;D;Segovia;;;;;;;;;;;1.589;;1.609;;;1.459;;;;;;;;SEGOVIA;OM;BALLENOIL;P;0,0;0,0;14832;6020;40;08
40006;CALLE NAVACERRADA, 1;L-D: 24H;40.926556;SEGOVIA;-4,115056;D;Segovia;;;;;;;;;;;1.589;;;;;1.459;;;;;;;;SEGOVIA;dm;PLENERGY;P;0,0;0,0;15703;6020;40;08
40006;CL PLAZA PUERTA MADRID S.N.;"L-V: 07:30-18:30; S: 09:00-15:30";40.936222;SEGOVIA;-4,112417;D;Segovia;;;;;;;;;;;1.679;;;;;1.555;;;;;;;;SEGOVIA;OM;REPSOL;P;0,0;0,0;6244;6020;40;08
40006;CARRETERA SAN RAFAEL N-603 KM. 87;L-D: 24H;40.91825;SEGOVIA;-4,108528;I;Segovia;0.693;;;;;;;;;;1.549;;;;;1.489;;;;;;;;SEGOVIA;dm;SEMUTRANSA;P;0,0;0,0;10572;6020;40;08
40194;CALLE LA GRANJA, 2;L-D: 24H;40.910139;REVENGA;-4,058111;D;Segovia;;;;;;;;;;;1.599;;;;;1.469;;;;;;;;SEGOVIA;dm;PLENERGY;P;0,0;0,0;15552;6020;40;08
40300;CALLE ALFONSO VI, 29;L-D: 24H;41.298722;SEPULVEDA;-3,744833;I;Sepúlveda;;;;;;;;;;;1.539;;;;;1.499;;;;;;;;SEGOVIA;dm;BEROIL;P;0,0;0,0;6218;6021;40;08
40467;CR N-601, 131;"L-V: 07:00-22:00; S-D: 08:00-22:00";41.134167;TOLOCIRIO;-4,649500;D;Tolocirio;;;;;;;;;;;1.679;;1.779;;;1.549;;;;1.709;;;;SEGOVIA;OM;REPSOL;P;0,0;0,0;6363;6026;40;08
40160;CARRETERA N-110 KM. 182,650;L-D: 07:30-22:00;40.986139;ALDEHUELA;-4,040444;D;Torrecaballeros;0.799;;;;;;;;;;1.585;1.499;1.699;;;1.455;;;;1.689;;;;SEGOVIA;dm;CEPSA  E.S. TORRECABALLEROS (LLORSOIL);P;0,0;0,0;11793;6029;40;08
40370;CARRETERA ARANDA DE DUERO  -  SEGOVIA KM. 68;"L-S: 07:00-21:30; D: 08:00-21:30";41.153472;TUREGANO;-4,007611;D;Turégano;0.95;;;;;;;;;;1.715;;1.775;;;1.6;;;;;;;;SEGOVIA;dm;REPSOL;P;0,0;0,0;6366;6033;40;08
40213;CARRETERA CL 602 OLMEDO- CUELLAR KM. 101,640;L-D: 24H;41.398889;VALLELADO;-4,443889;D;Vallelado;;;;;;;;;;;1.599;;;;;1.489;;;;;;;;SEGOVIA;dm;LOW COST VALLELADO;P;0,0;0,0;14385;6039;40;08
40390;CARRETERA CL-601 KM. 100,800;L-D: 07:00-23:00;40.998861;VALSECA;-4,148778;I;Valseca;;;;;;;;;;;1.699;;1.749;;;1.585;;;;1.735;;;;SEGOVIA;OM;REPSOL;P;0,0;0,0;6188;6042;40;08
40140;CALLE FRESNO, 72;L-D: 24H;40.95775;VALVERDE DEL MAJANO;-4,200139;D;Valverde del Majano;0.798;;;;;;;;;;1.585;;;;;1.455;;;;;;;;SEGOVIA;dm;LLORSOIL- E. S. VALVERDE;P;0,0;0,0;13607;6044;40;08
40150;AUTOPISTA A6 KM. 0;L-D: 24H;40.7975;VILLACASTIN;-4,460889;D;Villacastín;0.799;;;;;;;;;;1.654;1.429;1.749;;;1.539;;;;1.694;;;;SEGOVIA;OM;GALP;P;0,0;0,0;6177;6048;40;08
40150;AUTOPISTA A6 KM. 0;L-D: 06:00-22:00;40.7975;VILLACASTIN;-4,462889;I;Villacastín;0.799;;;;;;;;;;1.654;1.429;1.749;;;1.539;;;;1.694;;;;SEGOVIA;OM;GALP;P;0,0;0,0;6401;6048;40;08
40150;AUTOPISTA AP-6 KM. 80;L-D: 24H;40.771972;VILLACASTIN;-4,397611;D;Villacastín;0.919;;;;;;1.799;;;;1.709;;1.799;;;1.569;;;;1.709;;;;SEGOVIA;OM;BP AP6 VILLACASTIN NORTE;P;0,0;0,0;6147;6048;40;08
40150;AUTOPISTA AP-6 KM. 80;L-D: 24H;40.770722;VILLACASTIN;-4,398750;I;Villacastín;;;;;;;;;;;1.709;;1.799;;;1.569;;;;1.709;;;;SEGOVIA;OM;BP AP6 VILLACASTIN SUR;P;0,0;0,0;6146;6048;40;08
40150;CARRETERA N-VI KM. 82;L-D: 06:00-23:00;40.777556;VILLACASTIN;-4,398917;I;Villacastín;;;;;;;;;;;1.653;1.433;1.733;;;1.563;;;;1.663;;;;SEGOVIA;dm;E.S. VILLACASTIN, S.L.;P;0,0;0,0;6315;6048;40;08
42146;CARRERA N-234, 376,5;L-D: 7:00-23:00;41.805583;ABEJAR;-2,786306;D;Abejar;;;;;;;;;;;1.639;;1.739;;;1.519;;;;1.679;;;;SORIA;OM;REPSOL;P;0,0;0,0;6230;6160;42;08
42100;POL. INDUSTRIAL LA DEHESA S/N;L-D: 24H;41.840167;AGREDA;-1,940833;N;Ágreda;0.599;;;;;;;;;;;;1.549;;;1.449;;;;;;;;SORIA;dm;EL MAYORIA COMBUSTIBLES;P;0,0;0,0;8928;6162;42;08
42100;CARRETERA N-122 KM. 102;L-D: 08:00-22:00;41.853917;AGREDA;-1,926472;I;Ágreda;;;;;;;1.719;;;;1.609;;;;;1.529;;;;1.689;;;;SORIA;OM;REPSOL;P;0,0;0,0;6289;6162;42;08
42295;CARRETERA SO-P KM. 3046;L-D: 24H;41.260889;RADONA;-2,467472;D;Alcubilla de las Peñas;0.749;;;;;;;;;;1.569;;;;;1.499;;;;;;;;SORIA;dm;ÁREA 117;P;0,0;0,0;16159;6165;42;08
42169;CARRETERA N-111 KM. 243,8;L-D: 08:00-22:00;41.903806;ALMARZA;-2,463972;I;Almarza;;;;;;;;;;;1.739;;1.829;;;1.609;;;;1.749;;;;SORIA;dm;E.S. EL VALLE;P;0,0;0,0;4933;6176;42;08
42200;AVENIDA POLIGONO INDUSTRIAL LA DEHESA, 1;L-D: 00:00-23:59;41.470639;ALMAZAN;-2,528056;D;Almazán;0.659;;;;;;;;;;1.629;;1.659;;;1.469;;;;1.599;;;;SORIA;dm;LA VALENTI;P;0,0;0,0;15399;6177;42;08
42200;CALLE HAYA, ;L-D: 24H;41.471333;ALMAZAN;-2,534333;N;Almazán;0.659;;;;;;;;;;1.629;;1.659;;;1.469;;;;;;;;SORIA;dm;GAMAR;P;0,0;0,0;11794;6177;42;08
42200;CR N-111, 190;L-D: 07:00-23:00;41.480917;ALMAZAN;-2,528833;D;Almazán;;;;;;;;;;;1.645;1.354;1.695;;;1.545;;;;1.705;;;;SORIA;OM;REPSOL;P;0,0;0,0;6275;6177;42;08
42200;AVENIDA SORIA, 40;L-D: 24H;41.499889;ALMAZAN;-2,537056;D;Almazán;0.679;;;;;;;;;0.909;1.609;;;;;1.469;;;;;;;;SORIA;dm;ORUCA;P;0,0;0,0;14668;6177;42;08
42250;AUTOVIA A-2 KM. 170,2;L-D: 07:00-22:00;41.223944;ARCOS DE JALON;-2,260194;D;Arcos de Jalón;;;;;;;;;;;1.649;;1.729;;;1.599;1.659;;;;;;;SORIA;dm;MOEVE;P;0,0;0,0;6102;6182;42;08
42250;CARRETERA CTRA. N-II 167,2 KM. 167,2;L-D: 24H;41.217083;ARCOS DE JALON;-2,291139;I;Arcos de Jalón;0.799;;;;;;;;;;1.619;;1.714;;;1.534;;;;1.689;;;;SORIA;OM;GALP;P;0,0;0,0;6090;6182;42;08
42250;POLIGONO POLIGONO INDUSTRIAL LA MALITA-PARC. 15 Y 32, 167;"L-V: 24H; S-D: 00:00-16:00";41.214861;ARCOS DE JALON;-2,292056;D;Arcos de Jalón;0.749;;;;;;;;;;1.569;1.299;;;;;;;;;;;;SORIA;dm;GHC SORIA;P;0,0;0,0;13615;6182;42;08
42259;CR N-2, 174,5;"L-V: 24H; S: 00:00-22:00; D: 08:00-00:00";41.248361;MONTUENGA DE SORIA;-2,217778;I;Arcos de Jalón;;;;;;;1.779;;;;1.669;1.419;;;;1.599;;;;1.699;;;;SORIA;dm;REPSOL;P;0,0;0,0;6190;6182;42;08
42366;CALLE CL166 KM18,700, ;L-D: 8:00-22:00;41.495833;HORTEZUELA;-2,870750;I;Berlanga de Duero;;;;;;;;;;;1.699;;1.749;;;1.599;;;;;;;;SORIA;dm;REPSOL;P;0,0;0,0;4946;6192;42;08
42300;AUTOVIA A-11 KM. 218,000;L-D: 07:00-23:00;41.573917;BURGO DE OSMA (EL);-3,111806;I;Burgo de Osma-Ciudad de Osma;0.75;;;;;;;;;;1.679;;1.779;;;1.659;1.729;;;;;;;SORIA;dm;CEPSA;P;0,0;0,0;12503;6199;42;08
42300;CR N-122, 210;L-D: 07:00-23:00;41.586833;BURGO DE OSMA (EL);-3,058417;D;Burgo de Osma-Ciudad de Osma;0.808;;;;;;1.768;;;;1.668;;;;;1.568;;;;1.728;;;;SORIA;dm;REPSOL;P;0,0;0,0;6310;6199;42;08
42300;CALLE LA RASA, 24;L-D: 24H;41.584694;BURGO DE OSMA (EL);-3,074611;D;Burgo de Osma-Ciudad de Osma;0.669;;;;;;;;;;1.499;;;;;1.419;;;;;;;;SORIA;dm;GASHOME;P;0,0;0,0;15650;6199;42;08
42300;POLIGONO LA GÜERA, S/N;L-D: 24H;41.555528;BURGO DE OSMA (EL);-3,090556;D;Burgo de Osma-Ciudad de Osma;0.6;;;;;;;;;;1.479;;;;;1.399;;;;;;;;SORIA;dm;BEROIL;P;0,0;0,0;15393;6199;42;08
42147;POLIGONO POLIGONO LA NAVA  EN  CABREJAS PINAR, SN;L-V: 09:00-14:00;41.798667;CABREJAS DEL PINAR;-2,850611;D;Cabrejas del Pinar;;;;;;;;;;;1.559;;;;;1.459;;;;;;;;SORIA;dm;GASOLEOS MARTIN NAVAS SLU;P;0,0;0,0;12329;6201;42;08
42193;CARRETERA N-122 KM. 185;L-D: 07:00-22:00;41.708;ALDEHUELA DE CALATAÑAZOR;-2,775417;D;Calatañazor;;;;;;;;;;;1.699;1.429;1.779;;;1.619;;;;;;;;SORIA;dm;CEPSA;P;0,0;0,0;6106;6202;42;08
42157;CARRETERA SO-850, P.KM. 24 KM. 24;L-D: 24H;41.928917;COVALEDA;-2,875556;D;Covaleda;0.65;;;;;;;;;;1.459;;;;;1.419;;;;1.529;;;;SORIA;dm;ESTACION DE SERVICIO HERMANOS OLALLA ;P;0,0;0,0;15866;6222;42;08
42190;ZONA CENTRO COMERCIAL LAS CAMARETAS CALLE A, SN;L-D: 24H;41.77325;GOLMAYO;-2,497417;N;Golmayo;;;;;;;;;;;1.459;;1.489;;;1.389;;;;1.449;;;;SORIA;dm;ALCAMPO;P;0,0;0,0;8337;6244;42;08
42113;CR N-122 112;L-D: 06:00-22:00;41.840889;MATALEBRERAS;-2,044556;I;Matalebreras;;;;;;;1.719;;;;1.609;;;;;1.525;;;;1.685;;;;SORIA;OM;REPSOL;P;0,0;0,0;6232;6254;42;08
42248;AUTOVIA A-2 KM. 154;"L: 07:00-00:00; M-V: 24H; S: 00:00-21:00; D: 08:00-22:00";41.189222;LODARES;-2,403972;I;Medinaceli;;;;;;;;;;1.085;1.629;;1.729;;;1.539;;;;1.699;;;;SORIA;OM;REPSOL;P;0,0;0,0;6207;6256;42;08
42240;N-2 km 150;L-D: 24H;41.168972;MEDINACELI;-2,421167;I;Medinaceli;;;;;;;1.739;;;;1.639;;;;;1.559;;;;1.716;;;;SORIA;dm;REPSOL;P;0,0;0,0;6354;6256;42;08
42110;AVENIDA VALLADOLID, 13;L-D: 24H;41.783833;OLVEGA;-1,991889;I;Ólvega;0.636;;;;;;;;;;1.506;;;;;1.396;;;;;;;;SORIA;dm;SIN DETERMINAR;P;0,0;0,0;10295;6273;42;08
42290;POLIGONO POL. IND. DE NAVALCABALLO PARCELA 19, ;L-V: 08:00-19:30;41.673972;NAVALCABALLO;-2,533389;D;Rábanos (Los);;;;;;;;;;;1.639;;;;;1.599;;;;;;;;SORIA;dm;AVIA;P;0,0;0,0;12160;6282;42;08
42330;CARRETERA N-122 KM. 222;L-D: 07:00-23:00;41.569;SAN ESTEBAN DE GORMAZ;-3,192556;I;San Esteban de Gormaz;;;;;;;;;;;1.655;;1.735;;;1.549;;;;1.709;;;;SORIA;OM;REPSOL;P;0,0;0,0;6353;6294;42;08
42140;CARRETERA NACIONAL 234 KM. 401;L-D: 08:00-22:00;41.83125;SAN LEONARDO DE YAGUE;-3,056222;I;San Leonardo de Yagüe;;;;;;;1.749;;;;1.639;;;;;1.519;;;;;;;;SORIA;OM;REPSOL;P;0,0;0,0;6261;6296;42;08
42174;CARRETERA CARRETERA SORIA 17, SAN PEDRO MANRIQUE KM. 0,20;"L-S: 08:00-14:00 y 15:30-20:00; D: 08:00-12:00";42.027778;SAN PEDRO MANRIQUE;-2,231972;D;San Pedro Manrique;;;;;;;;;;;1.609;;1.709;;;1.525;;;;;;;;SORIA;OM;REPSOL;P;0,0;0,0;6340;6297;42;08
42260;AUTOVIA A-2, 180;"L-V: 07:00-23:00; S: 07:00-21:00; D: 08:00-22:00";41.2835;SANTA MARIA DE HUERTA;-2,173806;D;Santa María de Huerta;;;;;;;1.759;;;;1.649;;;;;1.525;;;;1.685;;;;SORIA;OM;REPSOL;P;0,0;0,0;6271;6299;42;08
42004;CALLE EDUARDO SAAVEDRA, 24;L-D: 24H;41.761417;SORIA;-2,478111;N;Soria;;;;;;;;;;;1.459;;1.479;;;1.389;1.409;;;;;;;SORIA;OM;BALLENOIL;P;0,0;0,0;6418;6303;42;08
42001;AVENIDA VALLADOLID, S/N (N-122 KM 155,4);L-D: 24H;41.770444;SORIA;-2,493972;I;Soria;;;;;;;;;;0.999;1.619;;1.719;;;1.559;;;;1.659;;;;SORIA;OM;MOEVE;P;0,0;0,0;6131;6303;42;08
42005;AVENIDA VALLADOLID  EN  SORIA, 62;L-D: 24H;41.768778;SORIA;-2,485861;D;Soria;;;;;;;;;;;1.459;;;;;1.389;;;;;;;;SORIA;dm;PETROPRIX;P;0,0;0,0;14960;6303;42;08
42005;AVENIDA EUROPA  EN  SORIA, 28;L-D: 24H;41.757333;SORIA;-2,481111;D;Soria;0.877;;;;;;;;;0.899;1.459;;;;;1.399;;;;;;;;SORIA;dm;+B ENERGIAS;P;0,0;0,0;13521;6303;42;08
42005;N-111 km 229,1;L-D: 07:00-23:00;41.785083;SORIA;-2,475611;I;Soria;;;;;;;;;;;1.718;;1.768;;;1.613;1.663;;;;;;;SORIA;dm;ES LAS CASAS;P;0,0;0,0;6128;6303;42;08
42005;POLIGONO VALCORBA PARC Nº 52, SUR D-13, 52;L-D: 24H;41.757861;SORIA;-2,413583;D;Soria;0.593;;;;;;;;;;;;1.43;;;1.38;;;;;;;;SORIA;dm;COPISO;P;0,0;0,0;13476;6303;42;08
42005;CALLE J, 290;L-S: 09:00-22:00;41.772667;SORIA;-2,485194;N;Soria;;;;;;;;;;;1.459;;1.49;;;1.389;;;;;;;;SORIA;dm;E. LECLERC;P;0,0;0,0;4735;6303;42;08
42005;POLIGONO LAS CASAS CALLE G PARCELA 7, 7;L-D: 24H;41.776139;SORIA;-2,488556;N;Soria;0.669;;;;;;;;;;1.459;;;;;1.399;;;;;;;;SORIA;dm;EUREKA;P;0,0;0,0;6085;6303;42;08
42005;POLIGONO LAS CASAS CL. I-N, 294;L-D: 24H;41.771889;SORIA;-2,488389;D;Soria;0.669;;;;;;;;;;1.479;;;;;1.399;;;;;;;;SORIA;dm;GASHOME;P;0,0;0,0;15647;6303;42;08
42005;CARRETERA N-122 KM. 147;L-D: 07:30-21:30;41.762361;SORIA;-2,412528;I;Soria;;;;;;;1.725;;;;1.615;;;;;1.549;;;;;;;;SORIA;OM;REPSOL;P;0,0;0,0;6217;6303;42;08
42005;CR N-122, 146;L-V: 08:00-21:00;41.761917;SORIA;-2,404778;D;Soria;;;;;;;1.719;;;1.069;1.609;1.37;;;;1.545;;;;1.705;;;;SORIA;OM;REPSOL;P;0,0;0,0;6364;6303;42;08
42005;POLIGONO LAS CASAS CALLE D, 44;L: 24H;41.7815;SORIA;-2,483722;N;Soria;;;;;;;;;;;1.525;;;;;1.395;;;;;;;;SORIA;dm;DPM;P;0,0;0,0;15272;6303;42;08
47510;CARRETERA N 620 KM. 181,700;L-D: 06:00-22:00;41.303361;ALAEJOS;-5,215556;N;Alaejos;;;;;;;;;;;1.669;;1.734;;;1.559;;;;;;;;VALLADOLID;dm;VALCARCE;P;0,0;0,0;6279;7235;47;08
47238;CARRETERA N-601, PK. 159,40 KM. ;"L-V: 06:30-21:30; S: 09:00-14:00";41.386556;ALCAZAREN;-4,685056;I;Alcazarén;0.84;;;;;;;;;;1.669;;1.729;;;1.579;1.639;;;;;;;VALLADOLID;dm;MOEVE;P;0,0;0,0;6180;7236;47;08
47162;AUTOVIA CARRETERA SG 601 KM 13,75 KM. 13,750;L-D: 24H;41.541917;ALDEAMAYOR DE SAN MARTIN;-4,658667;N;Aldeamayor de San Martín;;;;;;;;;;;1.6;;;;;1.479;;;;;;;;VALLADOLID;dm;VALCARCE ;P;0,0;0,0;6302;7238;47;08
47162;CALLE CALVARIO, 18;L-D: 24H;41.511056;ALDEAMAYOR DE SAN MARTIN;-4,636333;D;Aldeamayor de San Martín;;;;;;;;;;0.95;1.499;;;;;1.399;;;;;;;;VALLADOLID;dm;MAXPETROL;P;0,0;0,0;13436;7238;47;08
47195;AVENIDA SALAMANCA, 21;L-D: 24H;41.623056;ARROYO DE LA ENCOMIENDA;-4,769778;D;Arroyo de la Encomienda;;;;;;;;;;;1.549;;1.569;;;1.349;;;;;;;;VALLADOLID;OM;BALLENOIL;P;0,0;0,0;15678;7241;47;08
47195;AVENIDA SALAMANCA, 25;L-D: 07:00-23:00;41.623833;ARROYO DE LA ENCOMIENDA;-4,770750;I;Arroyo de la Encomienda;;;;;;;;;;;1.724;;1.78;;;1.594;1.653;;;;;;;VALLADOLID;OM;MOEVE;P;0,0;0,0;15578;7241;47;08
47195;CALLE FELIPE II, 2;L-D: 24H;41.618194;ARROYO DE LA ENCOMIENDA;-4,786889;D;Arroyo de la Encomienda;;;;;;;;;;;1.569;;;;;1.369;;;;;;;;VALLADOLID;dm;GASEXPRESS VALLADOLID 5;P;0,0;0,0;15521;7241;47;08
47195;AVENIDA SALAMANCA, 34;L-D: 06:30-22:30;41.622861;FLECHA, LA;-4,773583;D;Arroyo de la Encomienda;;;;;;;;;;;1.699;;1.739;;;1.609;;;;1.769;;;;VALLADOLID;OM;REPSOL;P;0,0;0,0;6356;7241;47;08
47210;CARRETERA FUENTE EL SOL KM. S/N;L-D: 24H;41.180444;ATAQUINES;-4,810444;D;Ataquines;0.605;;;;;;;;;;1.578;;;;;1.49;;;;;;;;VALLADOLID;dm;SAN AGUSTIN;P;0,0;0,0;9918;7242;47;08
47210;AUTOVIA A6 KM. 141;L-D: 06:30-23:00;41.182028;ATAQUINES;-4,807472;D;Ataquines;1.019;;;;;;1.819;;;1.059;1.722;1.559;;;;1.597;;;;1.768;;;;VALLADOLID;dm;REPSOL;P;0,0;0,0;6357;7242;47;08
47670;CARRETERA NACIONAL 6O1 ADANERO A GIJON KM. 259,7;"L-V: 07:00-22:00; S-D: 07:30-22:00";42.091944;BECILLA DE VALDERADUEY;-5,206722;D;Becilla de Valderaduey;;;;;;;;;;;1.719;1.599;1.769;;;1.629;;;;1.759;;;;VALLADOLID;dm;MOEVE;P;0,0;0,0;6104;7246;47;08
47462;CARRETERA L-801 ALAEJOS-ATAQUINES KM. 22,800;"L-S: 07:00-13:30 y 14:00-20:00; D: 08:00-13:00";41.206194;BOBADILLA DEL CAMPO;-5,019917;D;Bobadilla del Campo;;;;;;;;;;;1.759;;;;;1.619;;;;;;;;VALLADOLID;dm;AVIA;P;0,0;0,0;4739;7251;47;08
47151;CARRETERA MADRID KM. 177;L-D: 07:00-23:00;41.536222;BOECILLO;-4,699500;I;Boecillo;;;;;;;;;;;1.689;1.371;1.77;;;1.594;1.653;;;;;;;VALLADOLID;OM;MOEVE;P;0,0;0,0;6107;7254;47;08
47260;CARRETERA A-62 KM. 112;L-D: 06:30-22:30;41.744056;CABEZON DE PISUERGA;-4,659833;D;Cabezón de Pisuerga;;;;;;;1.815;;;;1.715;;;;;1.605;;;;1.755;;;;VALLADOLID;OM;REPSOL;P;0,0;0,0;6360;7258;47;08
47310;CAMINO LAS FUENTE, 1;L-D: 24H;41.488861;CAMPASPERO;-4,194361;N;Campaspero;;;;;;;;;;;1.519;1.179;;;;;;;;;;;;VALLADOLID;dm;COCOPE S.COOP;P;0,0;0,0;10813;7261;47;08
47512;CALLE AFUERAS, 1;L-D: 24H;41.244694;CASTREJON DE TRABANCOS;-5,172111;D;Castrejón de Trabancos;;;;;;;;;;;1.491;;;;;1.392;;;;;;;;VALLADOLID;dm;SERVICOCETRA S.L.U.;P;0,0;0,0;12169;7268;47;08
47520;CAMINO CARRETERA BOVEDA, 19;L-D: 24H;41.387722;CASTRONUÑO;-5,269167;N;Castronuño;;;;;;;;;;;1.597;;;;;1.493;;;;;;;;VALLADOLID;dm;ES CASTRONUÑO;P;0,0;0,0;15571;7276;47;08
47270;CTRA. VALLADOLID - CIGALES , KM. 1,7;L-D: 24H;41.720667;CIGALES;-4,708889;I;Cigales;0.85;;;;;;;;;0.949;1.529;;;;;1.419;;;;;;;;VALLADOLID;dm;E.S. REAL;P;0,0;0,0;8891;7281;47;08
47193;N-122 km 353,8;L-D: 07:00-23:00;41.598583;CISTERNIGA;-4,656111;I;Cistérniga;;;;;;;;;;;1.694;;1.775;;;1.594;1.653;;;;;;;VALLADOLID;OM;CEPSA;P;0,0;0,0;6165;7283;47;08
47313;CALLE Real, 81;L-D: 24H;41.511;COGECES DEL MONTE;-4,322861;I;Cogeces del Monte;0.7;;;;;;;;;;1.519;1.199;;;;1.449;;;;;;;;VALLADOLID;dm;COCOPE S.COOP.;P;0,0;0,0;6210;7285;47;08
47290;AUTOVIA A-62 KM. 102;L-D: 24H;41.809667;CUBILLAS DE SANTA MARTA;-4,582806;D;Cubillas de Santa Marta;0.83;;;;;;;;;;1.719;;1.759;;;1.589;;;;1.749;;;;VALLADOLID;dm;REPSOL;P;0,0;0,0;6383;7288;47;08
47290;AUTOVIA A-62 KM. 102;L-D: 06:00-00:00;41.809722;CUBILLAS DE SANTA MARTA;-4,583750;I;Cubillas de Santa Marta;0.83;;;;;;;;;;1.719;;1.759;;;1.589;;;;1.749;;;;VALLADOLID;dm;REPSOL;P;0,0;0,0;6384;7288;47;08
47176;VALLADOLID-TORTOLES, KM. 30;L-D: 24H;41.741194;ESGUEVILLAS DE ESGUEVA;-4,385306;N;Esguevillas de Esgueva;;;;;;;;;;;1.519;;;;;1.429;;;;;;;;VALLADOLID;dm;AN ENERGETICOS, S.L. - ESGUEVILLAS DE ESGUEVA;P;0,0;0,0;9370;7292;47;08
47420;CARRETERA ISCAR-CUELLAR KM. 17,3;L-D: 24H;41.368278;ISCAR;-4,504417;D;Íscar;;;;;;;;;;0.95;1.499;;1.599;;;1.399;;;;1.499;;;;VALLADOLID;dm;MAXPETROL;P;0,0;0,0;12055;7305;47;08
47420;CR C-112, 21;L-D: 07:00-23:00;41.359028;ISCAR;-4,539611;I;Íscar;;;;;;;;;;;1.685;;1.725;;;1.569;;;;1.729;;;;VALLADOLID;OM;REPSOL;P;0,0;0,0;6313;7305;47;08
47420;CALLE SAN MIGUEL, 47;L: 24H;41.358361;ISCAR;-4,542917;D;Íscar;0.75;;;;;;;;;;1.499;;;;;1.419;;;;;;;;VALLADOLID;dm;ION+;P;0,0;0,0;15928;7305;47;08
47140;AVENIDA DE MADRID, 1;L-D: 24H;41.587083;LAGUNA DE DUERO;-4,718722;N;Laguna de Duero;0.999;;;;;;;;;;1.599;;1.659;;;1.529;;;;;;;;VALLADOLID;dm;AVIA;P;0,0;0,0;4930;7306;47;08
47140;CTRA.N-601 (AVDA. DE LA RONDA S/N) km 184;L-D: 06:00-00:00;41.594639;LAGUNA DE DUERO;-4,723694;N;Laguna de Duero;1.36;;;;;;;;;0.959;1.599;;1.679;;;1.519;;;;1.619;;;;VALLADOLID;OM;SHELL;P;0,0;0,0;8553;7306;47;08
47140;CALLE ROBLE, 1;L-D: 24H;41.592;LAGUNA DE DUERO;-4,723306;D;Laguna de Duero;;;;;;;;;;;1.539;;;;;1.389;;;;;;;;VALLADOLID;dm;PLENERGY;P;0,0;0,0;15862;7306;47;08
47680;CARRETERA N-601 KM. 269;"L-V: 08:00-22:00; S-D: 09:00-21:00";42.160417;MAYORGA;-5,267278;I;Mayorga;;;;;;;;;;;1.669;;1.724;;;1.504;;;;;;;;VALLADOLID;OM;GALP;P;0,0;0,0;6324;7314;47;08
47680;CALLE DISEMINADOS, 17;L-D: 24H;42.161139;MAYORGA;-5,271028;I;Mayorga;;;;;;;;;;;1.49;;;;;1.44;;;;;;;;VALLADOLID;dm;COCOCEA;P;0,0;0,0;9626;7314;47;08
47800;CARRETERA CARRETERA ADANERO KM. 232;L-D: 24H;41.894528;MEDINA DE RIOSECO;-5,054833;D;Medina de Rioseco;0.735;;;;;;;;;;1.519;;;;;1.429;;;;;;;;VALLADOLID;dm;AN ENERGÉTICOS - MEDINA DE RIOSECO;P;0,0;0,0;10378;7315;47;08
47800;CALLE RADILLA, 1;L-D: 24H;41.891639;MEDINA DE RIOSECO;-5,055167;I;Medina de Rioseco;;;;;;;;;;;1.538;;;;;;;;;;;;;VALLADOLID;dm;SUGASYL SL;P;0,0;0,0;13034;7315;47;08
47800;CR N-601, 233,6;"L-V: 07:00-19:00; S-D: 09:00-19:00";41.889167;MEDINA DE RIOSECO;-5,051389;D;Medina de Rioseco;;;;;;;;;;;1.715;;1.775;;;1.599;;;;;;;;VALLADOLID;dm;REPSOL;P;0,0;0,0;6286;7315;47;08
47400;AVENIDA DEL CUARTEL, 1;L: 07:00-23:00;41.305194;MEDINA DEL CAMPO;-4,911028;N;Medina del Campo;;;;;;;1.839;;;;1.729;;;;;1.579;;;;1.739;;;;VALLADOLID;OM;REPSOL;P;0,0;0,0;6246;7316;47;08
47400;AUTOVIA A-6 KM. 165;L-D: 24H;41.355278;MEDINA DEL CAMPO;-4,958806;N;Medina del Campo;0.799;;;;;;1.774;;;;1.679;;1.734;;;1.594;;;;1.749;;;;VALLADOLID;OM;GALP;P;0,0;0,0;8294;7316;47;08
47400;CARRETERA CTRA A PEÑARADA S/N KM. ;L-D: 24H;41.300389;MEDINA DEL CAMPO;-4,907694;N;Medina del Campo;;;;;;;;;;;1.649;;1.719;;;1.519;;;;1.619;;;;VALLADOLID;dm;Q8;P;0,0;0,0;6098;7316;47;08
47400;AVENIDA QUINTO CENTENARIO, 2;L-D: 07:00-23:00;41.301806;MEDINA DEL CAMPO;-4,909111;D;Medina del Campo;;;;;;;1.839;;;;1.729;1.424;;;;1.579;1.639;;;1.739;;;;VALLADOLID;OM;REPSOL;P;0,0;0,0;10876;7316;47;08
47400;AUTOVIA A - 6 MADRID-LA CORUÑA KM. 154,100;L-D: 24H;41.275306;MEDINA DEL CAMPO;-4,887778;D;Medina del Campo;;;;;;;;;;;1.735;;1.775;;;1.599;;;;1.759;;;;VALLADOLID;OM;REPSOL;P;0,0;0,0;6198;7316;47;08
47400;AVENIDA DE LA CONSTITUCION, 54;L-D: 07:00-23:00;41.318139;MEDINA DEL CAMPO;-4,916472;D;Medina del Campo;;;;;;;1.839;;;;1.729;;;;;1.579;;;;1.739;;;;VALLADOLID;OM;REPSOL;P;0,0;0,0;6330;7316;47;08
47400;AVENIDA DE LA CONSTITUCION, 82;L-D: 24H;41.322111;MEDINA DEL CAMPO;-4,920861;D;Medina del Campo;;;;;;;;;;;1.629;;;;;1.419;;;;;;;;VALLADOLID;dm;PETROPRIX;P;0,0;0,0;14937;7316;47;08
47400;CALLE ALARIFES, 3;L-D: 24H;41.324417;MEDINA DEL CAMPO;-4,915944;D;Medina del Campo;;;;;;;;;;;1.645;;;;;1.419;;;;;;;;VALLADOLID;dm;LOWCOST MEDINA;P;0,0;0,0;15415;7316;47;08
47250;CR N-601, 167,7;L-D: 07:00-23:00;41.453528;MOJADOS;-4,667667;D;Mojados;;;;;;;1.785;;;;1.675;;;;;1.589;;;;1.749;;;;VALLADOLID;OM;REPSOL;P;0,0;0,0;6344;7320;47;08
47250;CALLE MIGUEL PELILLO, 30;L-D: 24H;41.433806;MOJADOS;-4,666944;D;Mojados;;;;;;;;;;;1.499;;;;;1.399;;;;;;;;VALLADOLID;dm;MAXPETROL ;P;0,0;0,0;13574;7320;47;08
47250;CARRETERA VA 404 KM. 26;L-D: 24H;41.431167;MOJADOS;-4,672944;D;Mojados;;;;;;;;;;;1.485;;;;;1.39;;;;;;;;VALLADOLID;dm;NUÑEZ VILLARREAL;P;0,0;0,0;14028;7320;47;08
47120;AUTOVIA A-6 KM. 202;L-D: 24H;41.626972;MOTA DEL MARQUES;-5,173278;D;Mota del Marqués;1.245;;;;;;1.795;;;;1.695;1.445;;;;1.645;;;;1.795;;;;VALLADOLID;dm;REPSOL;P;0,0;0,0;6178;7327;47;08
47630;CARRERA NACIONAL 601, 218,1;"L-V: 06:30-23:00; S-D: 08:00-23:00";41.78625;MUDARRA (LA);-4,941750;I;Mudarra (La);;;;;;;;;;;1.647;;1.722;;;1.565;;;;1.658;;;;VALLADOLID;dm;SHELL;P;0,0;0,0;6124;7329;47;08
47500;AUTOVIA A-62 KM. 169,6;L-D: 24H;41.410556;NAVA DEL REY;-5,134528;D;Nava del Rey;;;;;;;;;;1.059;1.679;;;;;1.599;;;;1.739;;;;VALLADOLID;dm;LA LOBA 2000;P;0,0;0,0;12892;7331;47;08
47410;CR N-601 149;L-D: 08:00-20:00;41.287889;OLMEDO;-4,681167;I;Olmedo;;;;;;;;;;;1.675;;;;;1.569;;;;;;;;VALLADOLID;OM;REPSOL;P;0,0;0,0;6247;7334;47;08
47410;CARRETERA AGUASAL KM. 15;L-D: 24H;41.285111;OLMEDO;-4,678333;D;Olmedo;0.697;;;;;;;;;;1.66;1.3;;;;;;;;;;;;VALLADOLID;dm;COOP COCOL;P;0,0;0,0;9190;7334;47;08
47410;CARRETERA N-601 KM. 147,8;L-D: 07:00-23:00;41.282361;OLMEDO;-4,681639;I;Olmedo;0.799;;;;;;;;;;1.669;;1.724;;;1.584;1.634;;;;;;;VALLADOLID;OM;GALP;P;0,0;0,0;6325;7334;47;08
47196;CARRETERA N-601 KM. 173,8;L-D: 07:00-23:00;41.508972;PEDRAJA DE PORTILLO (LA);-4,690083;I;Pedraja de Portillo (La);;;;;;;;;;;1.675;;1.725;;;1.589;;;;1.749;;;;VALLADOLID;OM;REPSOL;P;0,0;0,0;6194;7339;47;08
47430;CARRETERA CTRA.ALCAZAREN-PEDRAJAS, KM8 KM. ;L-D: 07:00-22:00;41.345139;PEDRAJAS DE SAN ESTEBAN;-4,598750;I;Pedrajas de San Esteban;0.73;;;;;;;;;;1.498;1.25;1.548;;;1.418;;;;;;;;VALLADOLID;dm;E.S.PEDRAJAS;P;0,0;0,0;4928;7340;47;08
47112;CARRETERA CR VP-6701 VILLAESTER-PEDROSA DEL REY KM. 1;L-D: 07:00-23:00;41.51825;PEDROSA DEL REY;-5,213694;D;Pedrosa del Rey;1.399;;;;;;;;;1.059;1.719;;1.829;;;1.629;;;;1.799;;;;VALLADOLID;dm;REPSOL;P;0,0;0,0;6409;7341;47;08
47300;AVENIDA ESCALONA, 19;"L-S: 07:00-23:00; D: 09:00-21:00";41.602528;PEÑAFIEL;-4,114806;N;Peñafiel;0.78;;;;;;;;;1.209;1.669;1.329;1.729;;;1.589;;;;1.699;;;;VALLADOLID;dm;REPSOL;P;0,0;0,0;6291;7342;47;08
47300;CARRETERA PESQUERA KM. 0,800;L-D: 24H;41.608694;PEÑAFIEL;-4,115278;D;Peñafiel;0.7;;;;;;;;;;1.489;1.099;;;;1.419;;;;;;;;VALLADOLID;dm;COCOPE, S. COOP.;P;0,0;0,0;9391;7342;47;08
47300;AVENIDA ESCALONA, 5;L-D: 24H;41.603083;PEÑAFIEL;-4,113917;D;Peñafiel;;;;;;;;;;;1.569;;;;;1.499;;;;;;;;VALLADOLID;dm;AUTOSERVICIO 24H JLZ;P;0,0;0,0;12711;7342;47;08
47314;CR N-122, 312;"L-V: 07:00-22:00; S-D: 09:00-22:00";41.612611;PADILLA DE DUERO;-4,175444;D;Peñafiel;;;;;;;;;;;1.669;1.469;1.769;;;1.596;;;;1.769;;;;VALLADOLID;dm;REPSOL;P;0,0;0,0;6179;7342;47;08
47160;CR CL-601, 22,7;L-D: 06:30-22:30;41.475833;ARRABAL DE PORTILLO;-4,598167;D;Portillo;;;;;;;1.789;;;;1.679;1.41;;;;1.609;;;;1.759;;;;VALLADOLID;OM;REPSOL;P;0,0;0,0;6339;7349;47;08
47350;CARRETERA SORIA N_122 KM. 329;"L-V: 08:00-21:00; S: 09:00-15:00";41.625083;QUINTANILLA DE ONESIMO;-4,368806;I;Quintanilla de Onésimo;;;;;;;;;;;1.685;;1.735;;;1.579;;;;1.739;;;;VALLADOLID;OM;REPSOL;P;0,0;0,0;11021;7355;47;08
47170;CARRETERA VALLADOLID-TORTOLES KM. 7;L-D: 07:00-23:00;41.658278;RENEDO DE ESGUEVA;-4,640111;I;Renedo de Esgueva;1.1;;;;;;;;;;1.719;;1.779;;;1.635;;;;1.755;;;;VALLADOLID;dm;REPSOL;P;0,0;0,0;6379;7360;47;08
47490;CARRETERA A-6 KM. 175;L-D: 24H;41.441028;RUEDA;-4,979556;D;Rueda;;;;;;;;;;1.023;1.659;;;;;1.589;;;;;;;;VALLADOLID;dm;PRIO;P;0,0;0,0;12893;7365;47;08
47490;CARRETERA MADRID KM. 171;L-D: 07:00-23:00;41.406111;RUEDA;-4,960806;D;Rueda;;;;;;;;;;;1.689;;1.739;;;1.539;;;;1.699;;;;VALLADOLID;dm;LOS CEAS;P;0,0;0,0;4965;7365;47;08
47164;CARRETERA CL-601 KM. 35,5;L-D: 06:00-22:00;41.439333;SAN MIGUEL DEL ARROYO;-4,453833;D;San Miguel del Arroyo;;;;;;;;;;;1.719;1.539;1.779;;;1.649;;;;;;;;VALLADOLID;dm;MOEVE;P;0,0;0,0;6137;7371;47;08
47132;CARRETERA VP-9803 KM. 0,7;L-D: 07:00-23:00;41.525028;SAN MIGUEL DEL PINO;-4,916333;N;San Miguel del Pino;1.36;;;;;;;;;;1.719;;1.799;;;1.569;;;;1.669;;;;VALLADOLID;OM;SHELL;P;0,0;0,0;11506;7372;47;08
47493;AUTOVIA A-6 KM. 147;L-D: 24H;41.22225;SAN VICENTE DEL PALACIO;-4,842333;D;San Vicente del Palacio;0.799;;;;;;;;;;1.669;1.369;1.709;;;1.539;;;;;;;;VALLADOLID;dm;VALCARCE;P;0,0;0,0;12433;7378;47;08
47493;AUTOVIA A6 KM. 147,200;"L-V: 24H; S: 00:00-16:00; D: 10:00-00:00";41.220694;SAN VICENTE DEL PALACIO;-4,848167;I;San Vicente del Palacio;1.169;;;;;;;;;;1.729;;1.769;;;1.599;;;;1.769;;;;VALLADOLID;dm;REPSOL;P;0,0;0,0;6199;7378;47;08
47155;CARRETERA VIEJA DE SANTANDER Nº 22 KM. ;"L-V: 07:00-22:00; S: 09:00-14:00";41.687417;SANTOVENIA DE PISUERGA;-4,683056;I;Santovenia de Pisuerga;0.83;;;;;;;;;;1.619;;;;;1.549;;;;;;;;VALLADOLID;dm;SERVATRA;P;0,0;0,0;4932;7382;47;08
47155;CAÑADA LA AGUILERA, S/N;L-D: 24H;41.692194;SANTOVENIA DE PISUERGA;-4,678083;N;Santovenia de Pisuerga;;;;;;;;;;;1.723;;;;;1.643;;;;;;;;VALLADOLID;dm;AVIA U.S. LA AGUILERA;P;0,0;0,0;5513;7382;47;08
47340;CR N-122, 335,4;"L-X: 06:00-22:00; J-D: 08:30-13:30 y 16:00-19:00";41.606861;SARDON DE DUERO;-4,441222;D;Sardón de Duero;0.899;;;;;;;;;;1.599;;1.599;;;1.499;1.509;;;;;;;VALLADOLID;dm;HAFESA OIL;P;0,0;0,0;6185;7383;47;08
47239;CARRETERA C A-610 KM. 26;L-D: 07:00-22:00;41.461389;SERRADA;-4,861028;I;Serrada;;;;;;;1.799;;;;1.689;;;;;1.599;;;;1.759;;;;VALLADOLID;OM;REPSOL;P;0,0;0,0;6399;7385;47;08
47511;A-62 km 177,8;L-D: 24H;41.346944;SIETE IGLESIAS DE TRABANCOS;-5,178083;D;Siete Iglesias de Trabancos;;;;;;;;;;;1.664;;1.746;;;1.544;1.634;;;;;;;VALLADOLID;OM;MOEVE;P;0,0;0,0;6173;7386;47;08
47130;A-62 km 138,6;L-D: 24H;41.566278;SIMANCAS;-4,860583;D;Simancas;;;;;;;;;;;1.719;;1.819;;;1.594;;;;1.694;;;;VALLADOLID;OM;MOEVE;P;0,0;0,0;6140;7387;47;08
47130;AUTOVIA A-62 KM. 138,6;L-D: 06:00-22:00;41.565833;SIMANCAS;-4,859750;I;Simancas;;;;;;;;;;;1.719;;1.819;;;1.594;;;;1.694;;;;VALLADOLID;OM;MOEVE;P;0,0;0,0;6141;7387;47;08
47130;AUTOVIA A-62 KM. 132,6;L-D: 24H;41.603694;SIMANCAS;-4,810306;I;Simancas;;;;;;;1.815;;;;1.705;;;;;1.615;;;;1.765;;;;VALLADOLID;OM;REPSOL;P;0,0;0,0;6176;7387;47;08
47830;CARRETERA VA 505 KM. 11,7;"L-S: 08:00-21:00; D: 09:00-21:00";41.807861;TORDEHUMOS;-5,145667;D;Tordehumos;;;;;;;;;;;1.699;;1.769;;;1.609;;;;1.759;;;;VALLADOLID;dm;REPSOL;P;0,0;0,0;6382;7390;47;08
47100;AVENIDA DE PORTUGAL, 7;L-D: 24H;41.501278;TORDESILLAS;-5,004333;I;Tordesillas;;;;;;;;;;;1.705;;1.755;;;1.615;1.685;;;1.775;;;;VALLADOLID;OM;REPSOL;P;0,0;0,0;6276;7391;47;08
47100;AUTOVIA A 62 KM. 148;L-D: 07:00-23:00;41.517806;TORDESILLAS;-4,945028;D;Tordesillas;1.399;;;;;;1.829;;;1.059;1.719;;;;;1.629;;;;1.779;;;;VALLADOLID;dm;REPSOL;P;0,0;0,0;14768;7391;47;08
47100;AVENIDA ZAMORA, 6;L-D: 07:00-23:00;41.503778;TORDESILLAS;-5,009500;D;Tordesillas;;;;;;;;;;;1.689;;;;;1.549;;;;;;;;VALLADOLID;dm;SVG;P;0,0;0,0;15295;7391;47;08
47001;CALLE GASPAR DE TORDESILLAS, 2;L-D: 07:30-22:30;41.502944;TORDESILLAS;-5,006611;D;Tordesillas;;;;;;;;;;;1.658;;;;;1.55;;;;;;;;VALLADOLID;dm;EOIL;P;0,0;0,0;13488;7391;47;08
47113;CARRETERA A-6 KM. 186;L-D: 24H;41.526;VILLAVIEJA DEL CERRO;-5,042417;D;Tordesillas;;;;;;;;;;;1.644;;1.724;;;1.584;;;;1.684;;;;VALLADOLID;dm;SHELL ;P;0,0;0,0;8554;7391;47;08
47132;CARRETERA A-62 KM. 142;L-D: 07:00-23:00;41.539972;VILLAMARCIEL;-4,895778;D;Tordesillas;;;;;;;1.815;;;;1.705;;;;;1.609;;;;1.629;;;;VALLADOLID;OM;REPSOL;P;0,0;0,0;6227;7391;47;08
47320;VILLABAÑEZ km 2,5;L-D: 24H;41.601;TUDELA DE DUERO;-4,560694;D;Tudela de Duero;;;;;;;;;;;1.529;1.299;;;;1.439;;;;;;;;VALLADOLID;dm;AN ENERGETICOS - JARAMIEL;P;0,0;0,0;9406;7401;47;08
47320;AUTOVIA A-11 KM. 349;L-S: 07:00-22:00;41.591583;TUDELA DE DUERO;-4,607056;I;Tudela de Duero;;;;;;;;;;;1.705;;1.755;;;1.599;;;;1.759;;;;VALLADOLID;OM;REPSOL;P;0,0;0,0;6345;7401;47;08
47007;CALLE ARCA7, S/N;"L-V: 06:00-00:00; S: 09:00-14:00 y 16:00-21:00; D: 10:00-14:00 y 16:00-21:00";41.619694;VALLADOLID;-4,726417;D;Valladolid;;;;;;;;;;;1.569;;;;;1.389;;;;;;;;VALLADOLID;dm;GASEXPRESS ;P;0,0;0,0;13507;7410;47;08
47007;CALLE PUENTE COLGANTE, 10;L-D: 07:00-23:00;41.641111;VALLADOLID;-4,734222;D;Valladolid;;;;;;;1.795;;;;1.695;1.41;;;;1.599;1.659;;;1.759;;;;VALLADOLID;OM;REPSOL;P;0,0;0,0;6413;7410;47;08
47013;CALLE CARRACA, 4;L-D: 24H;41.632389;VALLADOLID;-4,710972;D;Valladolid;;;;;;;;;;;1.549;;;;;1.349;;;;;;;;VALLADOLID;dm;PETROPRIX;P;0,0;0,0;16351;7410;47;08
47013;PASEO ARCO DE LADRILLO, 65;L-D: 06:00-23:00;41.629611;VALLADOLID;-4,727306;D;Valladolid;;;;;;;;;;;1.685;;1.735;;;1.599;;;;1.759;;;;VALLADOLID;OM;REPSOL;P;0,0;0,0;6290;7410;47;08
47013;AVENIDA SEGOVIA, 44;L-D: 07:00-23:00;41.637139;VALLADOLID;-4,721889;I;Valladolid;;;;;;;;;;;1.685;;1.735;;;1.605;;;;1.765;;;;VALLADOLID;OM;REPSOL;P;0,0;0,0;6220;7410;47;08
47012;CARRETERA VILLABAÑEZ KM. 100;L-D: 07:00-23:00;41.646306;VALLADOLID;-4,694083;D;Valladolid;;;;;;;;;;;1.709;;1.749;;;1.619;;;;1.719;;;;VALLADOLID;OM;REPSOL;P;0,0;0,0;11421;7410;47;08
47012;CALLE AZALEA, 1;L-D: 24H;41.6425;VALLADOLID;-4,689889;D;Valladolid;0.829;;;;;;;;;;1.549;;1.609;;;1.399;;;;;;;;VALLADOLID;dm;DST;P;0,0;0,0;14350;7410;47;08
47012;CALLE COBALTO, 55;"L-V: 09:00-13:00 y 16:00-19:00; S: 09:00-12:00";41.618139;VALLADOLID;-4,708917;D;Valladolid;;;;;;;;;;;;;1.71;;;;;;;;;;;VALLADOLID;dm;DEL OLMO HERMANOS;P;0,0;0,0;9415;7410;47;08
47012;CALLE TURQUESA, 71;L-D: 24H;41.62075;VALLADOLID;-4,696694;I;Valladolid;;;;;;;;;;;1.595;;1.65;;;1.397;;;;;;;;VALLADOLID;dm;LA ESTRELLA DE QATAR;P;0,0;0,0;13756;7410;47;08
47012;CALLE PIRITA, 49;L-D: 24H;41.621056;VALLADOLID;-4,703917;N;Valladolid;0.85;;;;;;;;;;1.569;;;;;1.399;;;;;;;;VALLADOLID;dm;TEXACOIL;P;0,0;0,0;15788;7410;47;08
47012;CALLE PLATA, 74;L-D: 24H;41.615806;VALLADOLID;-4,710361;D;Valladolid;;;;;;;;;;;1.549;;;;;1.379;;;;;;;;VALLADOLID;dm;LOW COST SAN CRISTOBAL;P;0,0;0,0;14269;7410;47;08
47012;CALLE CROMO, 50;L-D: 24H;41.625861;VALLADOLID;-4,707444;D;Valladolid;0.895;;;;;;;;;;1.569;;;;;1.379;;;;;;;;VALLADOLID;dm;TENCAR;P;0,0;0,0;13782;7410;47;08
47012;AVENIDA DE SORIA 28-B, S/N;L-D: 24H;41.617417;VALLADOLID;-4,692806;D;Valladolid;;;;;;;;;;;1.569;;;;;1.369;;;;;;;;VALLADOLID;dm;PLENERGY;P;0,0;0,0;15759;7410;47;08
47012;CALLE PLATA, 40;L-S: 06:00-21:00;41.618306;VALLADOLID;-4,705028;N;Valladolid;;;;;;;1.829;;;1.029;1.719;;;;;1.619;;;;1.779;;;;VALLADOLID;dm;REPSOL;P;0,0;0,0;11960;7410;47;08
47012;CALLE SANTA MARIA DE LA CABEZA, 28;L-D: 24H;41.64525;VALLADOLID;-4,699472;N;Valladolid;;;;;;;;;;;1.549;;1.569;;;1.349;;;;;;;;VALLADOLID;OM;BALLENOIL;P;0,0;0,0;16056;7410;47;08
47012;CARRETERA SORIA KM. 3,200;L-D: 06:00-20:00;41.631528;VALLADOLID;-4,704111;D;Valladolid;0.799;;;;;;;;;;1.669;;1.719;;;1.569;;;;;;;;VALLADOLID;OM;GALP;P;0,0;0,0;6323;7410;47;08
47012;CALLE HIDROGENO, 83;L-D: 24H;41.60175;VALLADOLID;-4,697500;D;Valladolid;;;;;;;;;;;1.569;;;;;1.389;;;;;;;;VALLADOLID;dm;ESPECIAL OIL;P;0,0;0,0;13834;7410;47;08
47012;CARRETERA CL-601 KM. 4,8;L-D: 06:00-23:00;41.608861;VALLADOLID;-4,709417;D;Valladolid;;;;;;;1.809;;;;1.699;;;;;1.609;;;;1.759;;;;VALLADOLID;OM;REPSOL;P;0,0;0,0;6260;7410;47;08
47008;CR N-601, 187;L-D: 24H;41.618806;VALLADOLID;-4,726361;I;Valladolid;;;;;;;1.805;;;;1.695;;;;;1.605;1.655;;;1.705;;;;VALLADOLID;OM;REPSOL;P;0,0;0,0;6255;7410;47;08
47008;AVENIDA NORTE DE CASTILLA, 1;L-D: 06:00-22:00;41.628806;VALLADOLID;-4,732111;D;Valladolid;;;;;;;1.799;;;;1.689;;;;;1.605;;;;1.765;;;;VALLADOLID;OM;REPSOL;P;0,0;0,0;6259;7410;47;08
47008;CALLE CAMINO VIEJO DE SIMANCAS, 46;L-D: 07:00-23:00;41.621556;VALLADOLID;-4,756250;D;Valladolid;;;;;;;1.809;;;;1.709;;;;;1.619;1.669;;;1.719;;;;VALLADOLID;OM;REPSOL;P;0,0;0,0;6181;7410;47;08
47008;CALLE BRONCE, S/N;"L-V: 07:00-21:00; S-D: 07:00-14:00";41.6155;VALLADOLID;-4,736333;N;Valladolid;;;;;;;;;;1.035;;;;;;;;;;;;;;VALLADOLID;dm;REPSOL BUTANO;P;0,0;0,0;12558;7410;47;08
47008;CALLE DANIEL DEL OLMO 23, 23;L-D: 24H;41.627861;VALLADOLID;-4,729056;D;Valladolid;;;;;;;;;;;1.549;;;;;1.349;;;;;;;;VALLADOLID;dm;PLENERGY;P;0,0;0,0;14897;7410;47;08
47008;AVENIDA NORTE DE CASTILLA, 54;L-D: 24H;41.619472;VALLADOLID;-4,737056;D;Valladolid;;;;;;;;;;;1.549;;1.569;;;1.349;;;;;;;;VALLADOLID;OM;BALLENOIL;P;0,0;0,0;14618;7410;47;08
47008;CALLE DANIEL DEL OLMO GONZÁLEZ, 16;L-D: 24H;41.627528;VALLADOLID;-4,732500;D;Valladolid;;;;;;;;;;;1.549;;;;;1.349;;;;;;;;VALLADOLID;dm;PETROPRIX;P;0,0;0,0;14873;7410;47;08
47008;CALLE RONDA INTERIOR SUR, SN;L-D: 07:00-23:00;41.618556;VALLADOLID;-4,720778;N;Valladolid;0.799;;;;;;;;;;1.549;;;;;1.354;;;;;;;;VALLADOLID;OM;GASOLINERA VALLADOLID PISUERGA;P;0,0;0,0;11330;7410;47;08
47008;CARRETERA N-601 MADRID KM. 183;"L-S: 07:00-23:00; D: 08:30-23:00";41.600639;VALLADOLID;-4,723111;D;Valladolid;1.2;;;;;;;;;;1.694;;1.754;;;1.594;;;;1.673;;;;VALLADOLID;dm;CEPSA;P;0,0;0,0;6414;7410;47;08
47008;AVENIDA ZAMORA, 51;"L-V: 06:00-00:00; S: 09:00-14:00 y 16:00-21:00; D: 10:00-14:00 y 16:00-21:00";41.6195;VALLADOLID;-4,735861;D;Valladolid;;;;;;;;;;;1.549;;;;;1.349;;;;;;;;VALLADOLID;dm;GASEXPRESS;P;0,0;0,0;13570;7410;47;08
47008;CALLE TEIDE, 8;L-D: 06:00-00:00;41.619972;VALLADOLID;-4,717611;D;Valladolid;;;;;;;;;;;1.569;;1.7;;;1.391;;;;1.645;;;;VALLADOLID;dm;LA ESTRELLA DE QATAR;P;0,0;0,0;13813;7410;47;08
47008;CALLE CONTINUACION ARCA REAL, 111;L-D: 24H;41.626889;VALLADOLID;-4,728250;D;Valladolid;0.829;;;;;;;;;;1.529;;1.589;;;1.359;;;;;;;;VALLADOLID;dm;DST ARCA REAL;P;0,0;0,0;14101;7410;47;08
47008;CARRETERA C-610 KM. 3,50;"L-V: 06:00-22:00; S: 08:00-22:00; D: 09:00-22:00";41.605444;VALLADOLID;-4,753333;I;Valladolid;;;;;;;;;;;1.705;;1.755;;;1.605;;;;1.715;;;;VALLADOLID;OM;REPSOL;P;0,0;0,0;11958;7410;47;08
47011;CTRA. DE CIRCUNVALACION, 113;L-D: 06:00-23:00;41.652;VALLADOLID;-4,704417;D;Valladolid;;;;;;;;;;;1.706;;1.746;;;1.593;1.653;;;;;;;VALLADOLID;OM;MOEVE;P;0,0;0,0;6148;7410;47;08
47009;AVENIDA BURGOS, 50;L-D: 24H;41.666167;VALLADOLID;-4,729028;D;Valladolid;;;;;;;;;;;1.569;;;;;1.389;;;;;;;;VALLADOLID;dm;ESPANOIL;P;0,0;0,0;14859;7410;47;08
47009;AVENIDA GIJON, 78;L-D: 24H;41.660861;VALLADOLID;-4,751611;D;Valladolid;;;;;;;;;;;1.569;;;;;1.389;;;;;;;;VALLADOLID;dm;PETROPRIX;P;0,0;0,0;14537;7410;47;08
47009;AVENIDA BURGOS, 100;L-D: 07:00-23:00;41.672694;VALLADOLID;-4,724333;I;Valladolid;;;;;;;1.799;;;;1.689;;;;;1.599;1.669;;;1.759;;;;VALLADOLID;OM;REPSOL;P;0,0;0,0;6277;7410;47;08
47009;AVENIDA DE BURGOS, 33;L-D: 07:00-23:00;41.668;VALLADOLID;-4,728250;D;Valladolid;;;;;;;;;;;1.685;;1.735;;;1.605;1.675;;;1.765;;;;VALLADOLID;OM;REPSOL;P;0,0;0,0;6222;7410;47;08
47009;CL CAMINO CABILDO, S.N.;L-D: 06:00-23:00;41.674278;VALLADOLID;-4,718611;D;Valladolid;;;;;;;;;;1.039;1.695;;1.745;;;1.619;;;;1.769;;;;VALLADOLID;OM;REPSOL;P;0,0;0,0;6406;7410;47;08
47009;AVENIDA BURGOS, 34;L-D: 07:00-22:00;41.664139;VALLADOLID;-4,730750;D;Valladolid;;;;;;;;;;0.969;1.694;;1.76;;;1.594;1.653;;;;;;;VALLADOLID;dm;CEPSA;P;0,0;0,0;6239;7410;47;08
47009;AVDA.DE GIJON;L-D: 06:00-23:59;41.661111;VALLADOLID;-4,746083;N;Valladolid;;;;;;;;;;;1.645;;1.725;;;1.549;;;;1.649;;;;VALLADOLID;OM;SHELL;P;0,0;0,0;8555;7410;47;08
47009;AVENIDA DE BURGOS, 51;L-D: 00:00-23:59;41.674361;VALLADOLID;-4,724222;I;Valladolid;;;;;;;;;;;1.589;;1.689;;;1.449;;;;1.569;;;;VALLADOLID;OM;SHELL;P;0,0;0,0;11667;7410;47;08
47009;PLAZA SAN BARTOLOME, SN;L: 07:00-22:00;41.6605;VALLADOLID;-4,733472;I;Valladolid;;;;;;;;;;;1.689;;1.739;;;1.599;;;;;;;;VALLADOLID;dm;CEPSA;P;0,0;0,0;6248;7410;47;08
47009;AUTOVIA BURGOS KM. 117;"L-V: 07:00-22:00; S-D: 09:00-18:00";41.712556;VALLADOLID;-4,701222;I;Valladolid;0.85;;;;;;;;;;1.686;1.338;1.735;;;1.593;;;;1.673;;;;VALLADOLID;dm;CEPSA;P;0,0;0,0;6150;7410;47;08
47009;CALLE EURO, 17;L-D: 24H;41.672528;VALLADOLID;-4,717806;D;Valladolid;0.829;;;;;;;;;;1.599;;1.659;;;1.499;;;;;;;;VALLADOLID;dm;DST MERCAOLID;P;0,0;0,0;9482;7410;47;08
47009;AVENIDA BURGOS, 82;"L-V: 06:00-00:00; S: 09:00-14:00 y 16:00-21:00; D: 10:00-14:00 y 16:00-21:00";41.671139;VALLADOLID;-4,725306;I;Valladolid;;;;;;;;;;;1.569;;;;;1.389;;;;;;;;VALLADOLID;dm;GASEXPRESS;P;0,0;0,0;13492;7410;47;08
47010;CALLE COSTA BRAVA, 2;L-D: 24H;41.670028;VALLADOLID;-4,708639;N;Valladolid;;;;;;;;;;;1.669;;1.709;;;1.459;;;;1.759;;;;VALLADOLID;dm;CARREFOUR;P;0,0;0,0;6093;7410;47;08
47010;AVENIDA DE PALENCIA Nº 35;L-D: 07:00-23:00;41.661;VALLADOLID;-4,717556;N;Valladolid;;;;;;;;;;;1.689;;1.739;;;1.609;;;;1.769;;;;VALLADOLID;OM;REPSOL;P;0,0;0,0;9265;7410;47;08
47014;AUTOVIA PUENTE COLGANTE, URB. PARQUE SOL KM. S/N;L-D: 24H;41.642833;VALLADOLID;-4,763278;N;Valladolid;;;;;;;;;;;1.669;;1.709;;;1.459;;;;1.699;;;;VALLADOLID;dm;CARREFOUR;P;0,0;0,0;6092;7410;47;08
47014;CL.CIUDAD HABANA (PARQUESOL);L-D: 06:00-23:59;41.631889;VALLADOLID;-4,767361;N;Valladolid;;;;;;;;;;0.959;1.659;;1.739;;;1.589;;;;1.689;;;;VALLADOLID;OM;SHELL;P;0,0;0,0;8556;7410;47;08
47014;AVENIDA SALAMANCA, 80;L-D: 07:00-23:00;41.627806;VALLADOLID;-4,759639;D;Valladolid;;;;;;;1.805;;;;1.705;;;;;1.615;;;;1.765;;;;VALLADOLID;OM;REPSOL;P;0,0;0,0;12395;7410;47;08
47014;AVENIDA SALAMANCA, 126;L-D: 07:00-23:00;41.637972;VALLADOLID;-4,746639;D;Valladolid;;;;;;;1.805;;;1.039;1.695;;;;;1.605;;;;1.715;;;;VALLADOLID;OM;REPSOL;P;0,0;0,0;6233;7410;47;08
47016;CALLE SANTIAGO LOPEZ GONZALEZ, 17;L-D: 06:00-23:59;41.628278;VALLADOLID;-4,769028;D;Valladolid;;;;;;;;;;;1.549;;1.66;;;1.374;;;;;;;;VALLADOLID;dm;LA ESTRELLA DE QATAR;P;0,0;0,0;12981;7410;47;08
47197;CALLE FRANCISCO UMBRAL, 3;L-D: 24H;41.628333;VALLADOLID;-4,761972;I;Valladolid;0.949;;;;;;;;;;1.586;;1.646;;;1.406;;;;1.666;;;;VALLADOLID;dm;LAS PALMERAS;P;0,0;0,0;15212;7410;47;08
47197;CALLE SANTIAGO LOPEZ GONZALEZ, 3;L-D: 24H;41.626083;VALLADOLID;-4,766556;D;Valladolid;;;;;;;;;;;1.549;;1.569;;;1.349;;;;;;;;VALLADOLID;OM;BALLENOIL;P;0,0;0,0;15074;7410;47;08
47071;AVENIDA BURGOS, 36;L-D: 24H;41.664278;NAVABUENA;-4,730472;D;Valladolid;;;;;;;;;;;1.569;;;;;1.389;;;;;;;;VALLADOLID;dm;PLENERGY;P;0,0;0,0;15556;7410;47;08
47609;CARRETERA FUENSALDAÑA KM. 2,7;L-D: 07:00-23:00;41.680694;VALLADOLID;-4,742167;D;Valladolid;;;;;;;;;;;1.705;;1.745;;;1.619;;;;1.769;;;;VALLADOLID;OM;REPSOL;P;0,0;0,0;6327;7410;47;08
47133;AUTOPISTA A6 KM. 196;L-D: 07:00-23:00;41.597806;VEGA DE VALDETRONCO;-5,121806;D;Vega de Valdetronco;0.959;;;;;;;;;;1.639;;1.759;;;1.599;;;;1.789;;;;VALLADOLID;dm;BP ;P;0,0;0,0;4916;7414;47;08
47133;AUTOVIA A - 6 MADRID-LA CORUÑA KM. 193,800;L-D: 07:00-23:00;41.576056;VEGA DE VALDETRONCO;-5,099306;I;Vega de Valdetronco;;;;;;;;;;1.049;1.695;;1.735;;;1.625;;;;1.785;;;;VALLADOLID;OM;REPSOL;P;0,0;0,0;6197;7414;47;08
47600;CALLE CARCABA, 2;"L-V: 07:30-21:30; S: 08:00-15:00";42.098056;VILLALON DE CAMPOS;-5,032389;D;Villalón de Campos;;;;;;;;;;;1.689;;1.759;;;1.569;;;;;;;;VALLADOLID;OM;REPSOL;P;0,0;0,0;6252;7437;47;08
47620;AVENIDA FUENTES CLARAS, 1;L-D: 24H;41.696889;VILLANUBLA;-4,827056;D;Villanubla;0.6;;;;;;;;;;1.479;;;;;1.379;;;;;;;;VALLADOLID;dm;BEROIL VILLANUBLA;P;0,0;0,0;15742;7440;47;08
47850;CR A-6, 224,6 (N-6 km 224,66);L-D: 24H;41.774333;VILLANUEVA DE LOS CABALLEROS;-5,311361;D;Villanueva de los Caballeros;1.05;;;;;;1.759;;;;1.699;;;;;1.649;;;;1.819;;;;VALLADOLID;dm;REPSOL;P;0,0;0,0;6201;7443;47;08
47850;CARRER MADRID-CORUÑA, 223;L-D: 07:00-23:00;41.785528;VILLANUEVA DE LOS CABALLEROS;-5,323944;I;Villanueva de los Caballeros;1.05;;;;;;1.759;;;;1.699;;;;;1.649;;;;1.819;;;;VALLADOLID;dm;REPSOL;P;0,0;0,0;6200;7443;47;08
47860;CARRETERA N-6 KM. 216;"L-V: 08:00-21:00; S: 08:00-16:00; D: 11:00-21:00";41.7235;VILLARDEFRADES;-5,252556;I;Villardefrades;;;;;;;;;;;1.675;;1.775;;;1.569;;;;1.729;;;;VALLADOLID;OM;PETRONOR;P;0,0;0,0;6342;7446;47;08
47860;AUTOVIA A-6 KM. 211;L-D: 24H;41.693278;VILLARDEFRADES;-5,218944;I;Villardefrades;0.949;;;;;;;;;;1.599;;1.599;;;1.489;1.489;;;;;;;VALLADOLID;dm;EASYGAS;P;0,0;0,0;11620;7446;47;08
47610;CALLE PARQUE DE OCIO EQUINOCIO, S/N;L-D: 07:00-23:00;41.659722;ZARATAN;-4,774333;N;Zaratán;;;;;;;;;;;1.559;;;;;1.379;;;;;;;;VALLADOLID;OM;GASOLINERA ZARATAN;P;0,0;0,0;6091;7455;47;08
47310;AVENIDA GIJÓN, 37;"L-V: 06:00-00:00; S: 09:00-14:00 y 16:00-21:00; D: 10:00-14:00 y 16:00-21:00";41.660944;ZARATAN;-4,766556;D;Zaratán;;;;;;;;;;;1.569;;;;;1.389;;;;;;;;VALLADOLID;dm;GASEXPRESS;P;0,0;0,0;13449;7455;47;08
47610;AVENIDA RAMON Y CAJAL, S/N;L-D: 24H;41.635083;ZARATÁN;-4,784389;D;Zaratán;0.829;;;;;;;;;;1.599;;1.659;;;1.429;;;;;;;;VALLADOLID;dm;DST;P;0,0;0,0;14688;7455;47;08
49500;CR N-122, 516,7  I;L-D: 07:00-22:59;41.697389;ALCAÑICES;-6,342250;I;Alcañices;;;;;;;;;;;1.655;;1.705;;;1.569;;;;1.679;;;;ZAMORA;OM;REPSOL;P;0,0;0,0;6389;7570;49;08
49210;CARRERA FONFRIA - LEDESMA, 43,230;"L-V: 08:00-21:00; S-D: 08:00-20:00";41.256528;ALMEIDA DE SAYAGO;-6,070167;D;Almeida de Sayago;;;;;;;;;;;1.629;1.339;1.709;;;1.559;;;;1.719;;;;ZAMORA;dm;AVIA;P;0,0;0,0;9371;7575;49;08
49151;CARRETERA ZA-610 KM. 0;L-D: 24H;41.48125;ARCENILLAS;-5,703944;D;Arcenillas;0.579;;;;;;;;;0.991;1.474;;;;;1.355;;;;;;;;ZAMORA;dm;FERTIBLEND;P;0,0;0,0;15914;7577;49;08
49600;AVENIDA LAS AMERICAS, SN;L-D: 24H;41.999167;BENAVENTE;-5,661194;N;Benavente;0.689;;;;;;;;;;1.669;1.369;;;;1.539;;;;;;;;ZAMORA;dm;VALCARCE;P;0,0;0,0;7996;7588;49;08
49600;CALLE VILAREAL, S/N;L-D: 24H;42.005972;BENAVENTE;-5,663639;I;Benavente;1.105;;;;;;;;;;1.639;1.368;;;;;;;;;;;;ZAMORA;dm;IDS;P;0,0;0,0;11894;7588;49;08
49600;AVENIDA SIMON BOLIVAR, S/N;L-D: 24H;42.003056;BENAVENTE;-5,660472;D;Benavente;0.799;;;;;;;;;;1.679;;;;;1.559;;;;;;;;ZAMORA;dm;AVIA;P;0,0;0,0;9039;7588;49;08
49600;CALLE SIMON BOLIVAR, S/N;L-D: 24H;42.0075;BENAVENTE;-5,662333;N;Benavente;1.099;;;;;;;;;;1.588;1.399;1.699;;;1.539;;;;;;;;ZAMORA;dm;STAROIL;P;0,0;0,0;13002;7588;49;08
49600;CARRETERA N-6 KM. 260,5;L-D: 24H;41.992194;BENAVENTE;-5,647222;I;Benavente;;;;;;;;;;1.109;1.645;1.324;1.735;;;1.569;;;;1.719;;;;ZAMORA;OM;REPSOL;P;0,0;0,0;6238;7588;49;08
49600;AVENIDA FEDERICO SILVA MUÑOZ, 128;L-D: 24H;41.997278;BENAVENTE;-5,661361;N;Benavente;1.36;;;;;;;;;;1.664;;1.744;;;1.574;;;;1.674;;;;ZAMORA;OM;SHELL;P;0,0;0,0;4961;7588;49;08
49600;CALLE CUBA, SN;L-D: 24H;41.992111;BENAVENTE;-5,657472;N;Benavente;;;;;;;;;;;1.49;1.09;;;;;;;;;;;;ZAMORA;dm;NUTECAL;P;0,0;0,0;9485;7588;49;08
49600;AVENIDA FEDERICO SILVA MUÑOZ, 259;L-D: 24H;41.995111;BENAVENTE;-5,652944;D;Benavente;;;;;;;1.799;;;;1.649;1.381;;;;;;;;;;;;ZAMORA;OM;CEPSA;P;0,0;0,0;6103;7588;49;08
49600;AVENIDA FEDERICO SILVA MUÑOZ, 139;L-D: 24H;41.999667;BENAVENTE;-5,664028;N;Benavente;;;;;;;;;;;1.509;;;;;1.429;;;;;;;;ZAMORA;OM;GALP&GO;P;0,0;0,0;14429;7588;49;08
49600;AVENIDA FEDERICO SILVA MUÑOZ, 146;L-D: 24H;41.996944;BENAVENTE;-5,658778;D;Benavente;;;;;;;;;;;1.479;;;;;1.399;;;;;;;;ZAMORA;dm;PETROPRIX;P;0,0;0,0;16086;7588;49;08
49600;CALLE CAÑADA REAL BERCIANA, 1;L-D: 24H;41.99675;BENAVENTE;-5,655694;D;Benavente;0.829;;;;;;;;;;1.599;;;;;;;;;;;;;ZAMORA;dm;DST;P;0,0;0,0;9239;7588;49;08
49600;CAÑADA REAL BERCIANA, 9;L-D: 24H;41.9985;BENAVENTE;-5,656472;D;Benavente;0.6;;;;;;;;;;1.479;1.099;;;;1.399;;;;;;;;ZAMORA;dm;BEROIL ;P;0,0;0,0;15805;7588;49;08
49600;CARRER CAÑADA BERZIANA, 9;L-D: 24H;41.998417;BENAVENTE;-5,658194;D;Benavente;;;;;1.429;1.374;;1.418;1.385;;;;;;;;;;;;;;;ZAMORA;dm;HAM;P;0,0;0,0;15802;7588;49;08
49600;AVENIDA FEDERICO SILVA MUÑOZ, 21;L-D: 06:00-23:00;42.002389;BENAVENTE;-5,671472;I;Benavente;;;;;;;;;;;1.649;;1.749;;;1.579;1.619;;;;;;;ZAMORA;OM;MOEVE;P;0,0;0,0;6101;7588;49;08
49200;AVENIDA DE LA GUARDIA CIVIL, 16;L: 07:00-23:00;41.368139;BERMILLO DE SAYAGO;-6,102306;I;Bermillo de Sayago;;;;;;;;;;;1.639;;1.709;;;1.559;;;;1.719;;;;ZAMORA;OM;REPSOL;P;0,0;0,0;6236;7590;49;08
49155;CARRETERA TORO-SALAMANCA KM. 21;L-D: 06:00-20:00;41.339361;BOVEDA DE TORO (LA);-5,410167;I;Bóveda de Toro (La);;;;;;;;;;;1.625;;1.725;;;1.529;;;;1.689;;;;ZAMORA;OM;REPSOL;P;0,0;0,0;6213;7591;49;08
49155;CARRETERA TORO-SALAMANCA KM. 19,7;"L-V: 09:00-14:00 y 16:00-19:00; S: 09:00-13:00";41.337361;BOVEDA DE TORO (LA);-5,411111;I;Bóveda de Toro (La);;;;;;;;;;;1.599;;;;;1.499;;;;;;;;ZAMORA;dm;COORDINACION AGRARIA SA;P;0,0;0,0;11905;7591;49;08
49332;CARRETERA N-525 KM. ;L-D: 07:00-22:00;41.996139;CAMARZANA DE TERA;-6,025583;D;Camarzana de Tera;;;;;;;;;;;1.649;1.33;1.719;;;1.569;;;;1.729;;;;ZAMORA;OM;REPSOL;P;0,0;0,0;6398;7600;49;08
49440;CARRETERA CN 620 KM. 203;"L-V: 07:00-19:00; S-D: 09:00-19:00";41.171389;CAÑIZAL;-5,368611;D;Cañizal;;;;;;;;;;;1.715;;1.775;;;1.599;;;;1.779;;;;ZAMORA;dm;CARAMANZANA MARKETING Y MEDIO AMBIENTE, S.L.;P;0,0;0,0;6336;7601;49;08
49151;CARRETERA CL-605 FUENTESAUCO KM. 10;L-D: 24H;41.435333;CASASECA DE LAS CHANAS;-5,672528;D;Casaseca de las Chanas;;;;;;;;;;;1.599;;1.659;;;1.455;1.599;;;;;;;ZAMORA;dm;|> ENERTRIX <|;P;0,0;0,0;6263;7606;49;08
49419;AUTOVIA 62 KM. 195;L: 06:00-01:00;41.227139;CASTRILLO DE LA GUAREÑA;-5,317806;D;Castrillo de la Guareña;;;;;;;;;;;1.649;;1.749;;;1.579;;;;1.769;;;;ZAMORA;dm;REPSOL CASTRILLO DE LA  GUAREÑA;P;0,0;0,0;16076;7607;49;08
49660;CARRETERA PALENCIA KM. 2;L-D: 07:00-23:00;41.988389;CASTROGONZALO;-5,598861;N;Castrogonzalo;0.849;;;;;;;;;;1.569;;1.619;;;1.469;;;;1.579;;;;ZAMORA;dm;PASO HONROSO;P;0,0;0,0;6100;7608;49;08
49396;CARRETERA N-525 KM. 84,500;L-D: 24H;42.06075;COBREROS;-6,640583;D;Cobreros;;;;;;;;;;;1.655;;1.745;;;1.555;;;;1.695;;;;ZAMORA;OM;BP PUEBLA DE SANABRIA MD;P;0,0;0,0;6287;7615;49;08
49396;CARRETERA N-525 KM. 84,5;L-D: 07:00-22:00;42.060361;CASTRO DE SANABRIA;-6,640167;I;Cobreros;1.219;;;;;;;;;;1.655;;1.745;;;1.555;;;;1.695;;;;ZAMORA;OM;BP PUEBLA DE SANABRIA MI;P;0,0;0,0;6288;7615;49;08
49700;CARRETERA C.N.630-RUTA DE LA PLATA KM.,298.8 KM. 298;L-D: 24H;41.359972;CORRALES;-5,726583;I;Corrales;;;;;;;;;;;1.509;;;;;1.409;;;;;;;;ZAMORA;dm;REPOSTAR;P;0,0;0,0;11132;7618;49;08
49710;CARRETERA N-630 KM. 306;L-D: 07:00-23:00;41.263472;CUBO DE TIERRA DEL VINO (EL);-5,713500;I;Cubo de Tierra del Vino (El);;;;;;;;;;;1.609;;1.709;;;1.489;;;;1.679;;;;ZAMORA;dm;EL PILAR;P;0,0;0,0;8124;7622;49;08
49220;CARRETERA ZAMORA-FERMOSELLE  CL 527 KM. 60,500;L: 09:00-21:00;41.321583;FERMOSELLE;-6,377528;D;Fermoselle;;;;;;;;;;;1.69;1.346;;;;1.579;1.633;;;;;;;ZAMORA;dm;CEPSA;P;0,0;0,0;6153;7628;49;08
49400;CALLE RODIGUEZ DE MIGUEL 5, 5;"L-V: 07:00-21:00; S: 08:00-20:00; D: 08:00-15:00";41.233472;FUENTESAUCO;-5,494472;D;Fuentesaúco;;;;;;;1.735;;;;1.625;;;;;1.529;;;;1.689;;;;ZAMORA;OM;SEGUIN Y DIEGO S.L.;P;0,0;0,0;6358;7641;49;08
49251;CARRERA ZAMORA V2210-P47-P94, 0;L-D: 24H;41.475917;GAMONES;-6,175528;N;Gamones;;;;;;;;;;;1.679;;;;;1.559;;;;;;;;ZAMORA;dm;E.S. DIEZ CENTIMOS;P;0,0;0,0;14997;7647;49;08
49740;AUTOVIA A66 KM. 241;L-D: 24H;41.798333;GRANJA DE MORERUELA;-5,755833;I;Granja de Moreruela;;;;;;;1.739;;;;1.629;;;;;1.549;;;;1.709;;;;ZAMORA;OM;REPSOL;P;0,0;0,0;13104;7649;49;08
49740;AUTOVIA A-66 KM. 241;L-D: 24H;41.813417;GRANJA DE MORERUELA;-5,748611;D;Granja de Moreruela;;;;;;;;;;;1.609;;;;;1.529;;;;;;;;ZAMORA;OM;REPSOL;P;0,0;0,0;15887;7649;49;08
49574;CARRETERA N-525 KM. 103;L-D: 07:00-23:00;42.033417;PADORNELO;-6,838472;I;Lubián;;;;;;;;;;;1.655;;1.705;;;1.569;;;;1.729;;;;ZAMORA;OM;REPSOL;P;0,0;0,0;6278;7658;49;08
49310;CARRETERA N-525 KM. 56,400;L-D: 24H;42.020583;MOMBUEY;-6,316917;D;Mombuey;;;;;;;;;;;1.649;;1.729;;;1.559;;;;1.648;;;;ZAMORA;OM;CEPSA;P;0,0;0,0;6121;7678;49;08
49121;CARRETERA CL 612 KM. 1177;L-D: 06:00-01:00;41.546278;MONFARRACINOS;-5,708167;N;Monfarracinos;;;;;;;;;;;1.639;;1.739;;;1.579;;;;1.739;;;;ZAMORA;dm;REPSOL MONFARRACINOS;P;0,0;0,0;15515;7679;49;08
49121;CARRETERA CL612 KM. 6;"L-S: 07:00-23:00; D: 08:00-23:00";41.549917;MONFARRACINOS;-5,704750;D;Monfarracinos;;;;;;;;;;;1.638;;1.768;;;1.569;;;;;;;;ZAMORA;dm;CEPSA;P;0,0;0,0;4748;7679;49;08
49149;CARRETERA NACIONAL 630 KM. 261,200;"L-V: 07:00-22:00; S: 08:00-22:00; D: 09:00-21:00";41.636417;MONTAMARTA;-5,798417;I;Montamarta;;;;;;;;;;;1.514;;;;;1.434;;;;;;;;ZAMORA;dm;LOSADA - MONTAMARTA;P;0,0;0,0;4941;7680;49;08
49150;CALLE POZO, 82;L-S: 07:00-21:00;41.466083;MORALEJA DEL VINO;-5,660083;I;Moraleja del Vino;;;;;;;;;;;1.619;1.314;1.719;;;1.539;;;;;;;;ZAMORA;OM;REPSOL;P;0,0;0,0;6374;7683;49;08
49190;CARRETERA CTRA. NACIONAL 630 KM. 285;"L-V: 06:30-23:00; S: 07:00-23:00; D: 07:30-23:00";41.444944;MORALES DEL VINO;-5,733611;I;Morales del Vino;;;;;;;;;;;1.479;1.259;1.519;;;1.369;;;;1.529;;;;ZAMORA;dm;REPOSTAR - ANSELMO MONTERO BRAGADO;P;0,0;0,0;4923;7687;49;08
49167;CARRETERA N-122A KM. 475,190;L-D: 07:00-23:00;41.541222;MUELAS DEL PAN;-5,921722;D;Muelas del Pan;;;;;;;;;;;1.659;;;;;1.589;;;;1.699;;;;ZAMORA;dm;MUELAS DEL PAN;P;0,0;0,0;6333;7692;49;08
49336;CR N-631, 43,4;L-D: 07:00-22:00;41.937194;OTERO DE BODAS;-6,157611;D;Otero de Bodas;;;;;;;;;;;1.609;;1.709;;;1.559;;;;;;;;ZAMORA;OM;REPSOL;P;0,0;0,0;6195;7696;49;08
49280;CARRETERA CL 527 KM. 14,350;L-D: 08:00-20:00;41.415667;PERERUELA;-5,873611;D;Pereruela;;;;;;;;;;;1.659;1.309;;;;1.519;;;;1.659;;;;ZAMORA;dm;REPOSTAR--ALFA;P;0,0;0,0;4915;7707;49;08
49622;AUTOVIA A-52 KM. 14,4;L-D: 07:00-23:00;42.022111;QUINTANILLA DE URZ;-5,852722;D;Quintanilla de Urz;;;;;;;1.765;;;;1.665;;;;;1.575;;;;1.715;;;;ZAMORA;OM;REPSOL;P;0,0;0,0;6407;7722;49;08
49622;AUTOVIA A 52 KM. 15,400;"L: 24H; M-V: 07:00-00:00; S: 00:00-23:00; D: 07:00-23:59";42.018889;QUINTANILLA DE URZ;-5,849111;I;Quintanilla de Urz;1.379;;;;;;;;;;1.679;;1.909;;;1.629;;;;1.819;;;;ZAMORA;dm;REPSOL;P;0,0;0,0;9470;7722;49;08
49622;CTRA RIO CHICO km S/N;"L-V: 09:00-13:30 y 16:00-18:30; S: 09:00-13:30";42.009222;QUIRUELAS DE VIDRIALES;-5,840944;N;Quiruelas de Vidriales;;;;;;;;;;;;1.09;;;;;;;;;;;;ZAMORA;dm;TEO;P;0,0;0,0;9487;7725;49;08
49515;CTRA. N-122 km 528,72;L-D: 08:00-00:00;41.734083;SEJAS DE ALISTE;-6,468389;D;Rábano de Aliste;;;;;;;;;;;1.63;;1.7;;;1.57;;;;1.65;;;;ZAMORA;dm;LA CHUCA;P;0,0;0,0;4913;7727;49;08
49390;CARRETERA CRTA. ZA-104 KM. 4,723;L-D: 08:00-23:00;42.081417;SAMPIL;-6,640250;D;Robleda-Cervantes;;;;;;;;;;0.95;1.549;;1.649;;;1.499;;;;1.609;;;;ZAMORA;dm;REPOSTAR,  ANTONIO  DEL ESTAL LÓPEZ S.L.;P;0,0;0,0;4954;7733;49;08
49690;CARRETERA NACIONAL 630 KM. 210,1;"L-V: 07:30-21:30; S: 08:00-15:00; D: 15:00-21:30";42.033167;SAN CRISTOBAL DE ENTREVIÑAS;-5,650056;I;San Cristóbal de Entreviñas;;;;;;;;;;;1.659;1.399;1.749;;;1.599;;;;1.759;;;;ZAMORA;dm;REPSOL;P;0,0;0,0;6187;7740;49;08
49690;CARRETERA NACIONAL 630 KM. 207;L-D: 24H;42.057361;SAN CRISTOBAL DE ENTREVIÑAS;-5,634028;D;San Cristóbal de Entreviñas;;;;;;;;;;;1.474;;;;;1.355;;;;;;;;ZAMORA;dm;FERTIBLEND;P;0,0;0,0;13551;7740;49;08
49650;AUTOVIA A-6 KM. ;L-D: 07:00-23:00;41.936528;SAN ESTEBAN DEL MOLAR;-5,544472;I;San Esteban del Molar;;;;;;;;;;;1.624;;1.724;;;1.579;1.643;;;;;;;ZAMORA;dm;MOEVE;P;0,0;0,0;6129;7741;49;08
49523;CARRETERA ZA-913 KM. 32,5;L-D: 07:00-23:00;41.785056;SAN VITERO;-6,348417;I;San Vitero;;;;;;;;;;;1.68;;1.738;;;1.579;;;;;;;;ZAMORA;dm;CEPSA;P;0,0;0,0;6151;7749;49;08
49750;N-630 km 197;"L-V: 09:00-13:30 y 16:00-18:30; S: 09:00-13:30";41.863222;SANTOVENIA;-5,716722;D;Santovenia;;;;;;;;;;;;1.09;;;;;;;;;;;;ZAMORA;dm;TEO;P;0,0;0,0;9501;7759;49;08
49152;CARRETERA ZAMORA KM. 14,700;"L-S: 07:30-22:00; D: 09:00-22:00";41.434028;SANZOLES;-5,566111;D;Sanzoles;;;;;;;;;;;1.639;1.309;1.679;;;1.509;;;;;;;;ZAMORA;dm;E.S. CASHER;P;0,0;0,0;12459;7760;49;08
49140;CARRETERA N-631 KM. 21,2;L-D: 07:00-23:00;41.821;TABARA;-5,950472;I;Tábara;;;;;;;;;;;1.629;;1.729;;;1.559;1.629;;;;;;;ZAMORA;dm;MOEVE COMERCIAL  S A.U.0;P;0,0;0,0;6132;7761;49;08
49800;CARRETERA MEDINA DE RIOSECO KM. 1,6;L-D: 07:00-23:00;41.540361;TORO;-5,377222;D;Toro;;;;;;;;;;;1.709;;1.799;;;1.619;;;;;;;;ZAMORA;dm;AREA DE SERVICIO TORO;P;0,0;0,0;12248;7763;49;08
49800;CARRETERA N-122.KM-426.6 KM. 426,6;L-D: 06:00-00:00;41.526833;TORO;-5,398500;I;Toro;;;;;;;;;;;1.689;;1.799;;;1.609;;;;;;;;ZAMORA;dm;MOEVE COMERCIAL S.A.U.;P;0,0;0,0;6134;7763;49;08
49800;CARRETERA N-122 KM. 425,5;L-D: 07:00-23:00;41.523167;TORO;-5,386194;I;Toro;;;;;;;1.759;;;;1.659;;;;;1.569;;;;1.729;;;;ZAMORA;OM;REPSOL;P;0,0;0,0;6318;7763;49;08
49800;CARRETERA TORDESILLAS KM. 29;L-D: 24H;41.526528;TORO;-5,377361;N;Toro;;;;;;;;;;;1.599;;;;;1.499;;;;;;;;ZAMORA;dm;SERVICIOS AGRARIOS LA UNION SLU;P;0,0;0,0;14317;7763;49;08
49800;CAMINO DE LOS BORRACHOS, SN;"L-V: 09:00-14:00 y 16:00-18:30; S: 09:00-12:00";41.533861;TORO;-5,391417;N;Toro;;;;;;;;;;;1.49;1.09;;;;;;;;;;;;ZAMORA;dm;AGROPAL;P;0,0;0,0;11043;7763;49;08
49781;CARRETERA A6 KM. 273;L-D: 24H;42.087806;TORRE DEL VALLE (LA);-5,713278;D;Torre del Valle (La);;;;;;;;;;;1.649;;1.749;;;1.545;;;;1.695;;;;ZAMORA;OM;REPSOL;P;0,0;0,0;6411;7764;49;08
49781;CARRETERA A6 KM. 273;L-D: 24H;42.089278;TORRE DEL VALLE (LA);-5,715528;I;Torre del Valle (La);;;;;;;;;;;1.659;;1.749;;;1.545;;;;1.695;;;;ZAMORA;OM;REPSOL;P;0,0;0,0;6412;7764;49;08
49516;POLIGONO POLIGONO 506, PARCELA 1608-B, 1608;L-D: 06:00-23:59;41.741694;TRABAZOS;-6,486417;N;Trabazos;;;;;;;;;;;1.649;;1.749;;;1.579;1.659;;;;;;;ZAMORA;OM;MOEVE;P;0,0;0,0;15769;7767;49;08
49770;CARRETERA N-VI KM. 267,8;L: 07:00-23:00;42.051889;VILLABRAZARO;-5,683278;D;Villabrázaro;0.899;;;;;;;;;;1.629;1.399;1.699;;;1.569;;;;;;;;ZAMORA;dm;MLC;P;0,0;0,0;6159;7782;49;08
49136;CM  LA SENDA DEL VALLE km 1;L-D: 24H;41.856139;VILLAFAFILA;-5,613111;D;Villafáfila;;;;;;;;;;;;1.2;;;;;;;;;;;;ZAMORA;dm;AGRINZA;P;0,0;0,0;10376;7786;49;08
49630;CARRETERA CTRA.N-VI A, KM. 236,7;L-D: 24H;41.865833;VILLALPANDO;-5,420750;D;Villalpando;;;;;;;;;;;1.549;;;;;1.469;;;;1.579;;;;ZAMORA;dm;Q8;P;0,0;0,0;6078;7794;49;08
49630;CARRETERA C-612 KM. 49;L-D: 07:00-23:00;41.860417;VILLALPANDO;-5,417667;D;Villalpando;;;;;;;;;;;1.635;;1.735;;;1.569;;;;1.729;;;;ZAMORA;OM;REPSOL;P;0,0;0,0;6403;7794;49;08
49630;AUTOVIA A-6 KM. 231;L-D: 07:00-23:00;41.826778;VILLALPANDO;-5,379944;I;Villalpando;1.36;;;;;;;;;;1.664;;1.744;;;1.574;;;;1.674;;;;ZAMORA;OM;SHELL;P;0,0;0,0;8561;7794;49;08
49630;CM  HERRADO S/N;L-D: 24H;41.853639;VILLALPANDO;-5,406472;D;Villalpando;0.6;;;;;;;;;;1.44;;;;;1.37;;;;;;;;ZAMORA;dm;AGRINZA;P;0,0;0,0;10375;7794;49;08
49698;CARRETERA LITOS-STA.CRISTINA KM. 23;L-D: 24H;41.952917;MOZAR;-5,785417;D;Villanázar;;;;;;;;;;;1.699;;1.769;;;1.589;;;;1.749;;;;ZAMORA;dm;MOZAR ENERGIA;P;0,0;0,0;9527;7798;49;08
49100;CARRETERA N-610 KM. 81,8;L-D: 08:00-22:00;41.987417;VILLANUEVA DEL CAMPO;-5,412278;I;Villanueva del Campo;;;;;;;;;;;1.609;;1.709;;;1.529;;;;1.689;;;;ZAMORA;OM;REPSOL;P;0,0;0,0;6225;7802;49;08
49137;CARRETERA BELBER-TÁBARA KM. 21,400;"L-S: 08:00-21:00; D: 09:00-21:00";41.799778;VILLARRIN DE CAMPOS;-5,640111;I;Villarrín de Campos;0.65;;;;;;;;;;1.529;1.139;;;;1.459;;;;1.599;;;;ZAMORA;dm;REPOSTAR GOMEZ OSORIO;P;0,0;0,0;6361;7810;49;08
49006;RONDA LA FERIA, 19/21;"L-S: 07:00-23:00; D: 08:00-22:00";41.507056;ZAMORA;-5,747806;N;Zamora;;;;;;;;;;;1.619;;1.679;;;1.559;;;;1.699;;;;ZAMORA;dm;REPSOL - LOSADA RONDA;P;0,0;0,0;4962;7816;49;08
49022;AVENIDA REQUEJO, 31;L-D: 24H;41.510583;ZAMORA;-5,736361;N;Zamora;;;;;;;;;;;1.619;;1.679;;;1.559;;;;1.699;;;;ZAMORA;dm;REPSOL -  LOSADA  AVENIDA;P;0,0;0,0;4963;7816;49;08
49022;CARRETERA NACIONAL 122 KM. 453,800;L: 07:00-22:00;41.527417;ZAMORA;-5,699444;D;Zamora;;;;;;;;;;1.095;1.635;;1.735;;;1.539;;;;1.699;;;;ZAMORA;OM;REPSOL;P;0,0;0,0;6211;7816;49;08
49022;CARRETERA NACIONAL 122 KMT. 455 KM. ;L-D: 07:00-23:00;41.524861;ZAMORA;-5,714583;I;Zamora;;;;;;;;;;;1.599;1.299;1.649;;;1.429;;;;1.599;;;;ZAMORA;dm;REPOSTAR--VISTA ALEGRE;P;0,0;0,0;4911;7816;49;08
49022;CARRETERA N122 - CC VISTA ALEGRE KM. 62;L-D: 24H;41.521528;ZAMORA;-5,721028;N;Zamora;;;;;;;;;;;1.469;;;;;1.355;;;;;;;;ZAMORA;dm;PETROPRIX;P;0,0;0,0;16095;7816;49;08
49023;AVENIDA CARDENAL CISNEROS, S/N;L-D: 24H;41.514278;ZAMORA;-5,745417;D;Zamora;;;;;;;;;;;1.495;;;;;1.429;;;;;;;;ZAMORA;dm;STAR OIL ZAMORA;P;0,0;0,0;13278;7816;49;08
49023;CALLE VILLALPANDO, S/N;L-D: 24H;41.512361;ZAMORA;-5,746306;D;Zamora;;;;;;;;;;;1.469;;;;;1.355;;;;;;;;ZAMORA;dm;PLENERGY;P;0,0;0,0;14474;7816;49;08
49023;AVENIDA CARDENAL CISNEROS, S/N;L-D: 24H;41.519389;ZAMORA;-5,757833;D;Zamora;0.799;;;;;;;;;;1.499;;1.749;;;1.419;;;;;;;;ZAMORA;dm;VALCARCE;P;0,0;0,0;11029;7816;49;08
49023;CUESTA DEL BOLON, S/N;L-D: 07:00-23:00;41.511722;ZAMORA;-5,747972;D;Zamora;;;;;;;;;;1.099;1.645;;1.685;;;1.559;;;;1.719;;;;ZAMORA;OM;REPSOL;P;0,0;0,0;12847;7816;49;08
49023;AVENIDA CARDENAL CISNEROS, S/N;L-D: 24H;41.516;ZAMORA;-5,747361;N;Zamora;;;;;;;;;;;1.599;;1.639;;;1.529;;;;1.719;;;;ZAMORA;dm;CARREFOUR;P;0,0;0,0;13674;7816;49;08
49030;CARRETERA LEDESMA KM. 0,300;L-D: 06:00-22:00;41.474972;ZAMORA;-5,770611;D;Zamora;1.09;;;;;;;;;;1.634;;1.781;;;1.554;;;;;;;;ZAMORA;dm;CEPSA;P;0,0;0,0;9451;7816;49;08
49021;CARRETERA CL-605 KM. 169,87;L-D: 24H;41.487972;ZAMORA;-5,723972;I;Zamora;0.647;;;;;;;;;;1.474;;;;;1.355;;;;;;;;ZAMORA;dm;MORAOIL;P;0,0;0,0;13835;7816;49;08
49028;CALLE SALAMANCA, 46;L-D: 24H;41.495;ZAMORA;-5,741583;D;Zamora;;;;;;;;;;;1.469;;1.489;;;1.355;;;;;;;;ZAMORA;OM;BALLENOIL;P;0,0;0,0;6139;7816;49;08
49027;CARRETERA N-122 KM. 4;L-D: 07:00-21:00;41.521111;ZAMORA;-5,797056;D;Zamora;0.908;;;;;;1.777;;;;1.699;;;;;1.628;;;;1.728;;;;ZAMORA;dm;REPSOL;P;0,0;0,0;6196;7816;49;08
49024;CARRETERA GIJON SEVILLA KM. 274,800;L-D: 07:00-23:00;41.521056;ZAMORA;-5,755278;I;Zamora;;;;;;;;;;;1.649;;1.746;;;1.579;;;;1.639;;;;ZAMORA;OM;MOEVE COMMERCIAL, S.A.U.;P;0,0;0,0;6144;7816;49;08
